id,date,timestamp,level,status,method,host,pathname,event_message,headers,regions,log_type,latency,log_count,logs,auth_user
11e0aad6-1049-4ccd-97c1-b3f3f5484901,"""2026-08-19T00:39:52.483Z""",2026-08-19T00:39:52.483000,success,200,,,,ougxeheoaifcuetnmgrw | GET | 200 | 10.106.39.250 | req-fse | /tenants/ougxeheoaifcuetnmgrw/health | @supabase-infra/mgmt-api/365fea2,{},[],storage,0,null,[],null
3a475392-d2e3-456a-a132-b08ac3b07b6f,"""2026-08-19T00:39:52.473Z""",2026-08-19T00:39:52.473000,success,200,,,,[Cache] Tenant pool lookup,{},[],storage,0,null,[],null
1bd2bffb-6ad4-49ee-aef1-ef6f65737848,"""2026-08-19T00:39:52.472Z""",2026-08-19T00:39:52.472000,success,200,,,,Sent 200 in 2ms,{},[],realtime,0,null,[],null
47c1eff8-8b70-40fb-9f38-9ed7a1d554a1,"""2026-08-19T00:39:40.316Z""",2026-08-19T00:39:40.316000,success,200,,,,ougxeheoaifcuetnmgrw | GET | 200 | 10.106.39.250 | req-48 | /tenants/ougxeheoaifcuetnmgrw/health | @supabase-infra/mgmt-api/365fea2,{},[],storage,0,null,[],null
210716e2-244b-4460-b1d8-5a15e56b8108,"""2026-08-19T00:39:37.290Z""",2026-08-19T00:39:37.290000,success,200,,,,ougxeheoaifcuetnmgrw | GET | 200 | 10.106.39.250 | req-4m | /tenants/ougxeheoaifcuetnmgrw | @supabase-infra/mgmt-api/365fea2,{},[],storage,0,null,[],null
4844914e-3ed4-41c2-a291-f6f2699ea5cf,"""2026-08-19T00:39:36.893Z""",2026-08-19T00:39:36.893000,success,200,,,,[Cache] Tenant pool lookup,{},[],storage,0,null,[],null
707b9576-b320-4e1d-8630-6c0154624639,"""2026-08-19T00:39:36.887Z""",2026-08-19T00:39:36.887000,success,200,,,,Sent 200 in 2ms,{},[],realtime,0,null,[],null
b6c59c2e-2ad1-42a1-a879-b27bfd2594f0,"""2026-08-19T00:38:32.444Z""",2026-08-19T00:38:32.444000,success,200,,,,ougxeheoaifcuetnmgrw | GET | 200 | 10.106.80.165 | req-41 | /tenants/ougxeheoaifcuetnmgrw/health | @supabase-infra/mgmt-api/365fea2,{},[],storage,0,null,[],null
7a251a0c-2e30-47b2-b048-345dbf0d3378,"""2026-08-19T00:38:31.927Z""",2026-08-19T00:38:31.927000,success,200,,,,Sent 200 in 2ms,{},[],realtime,0,null,[],null
7a4ed7f5-eb9d-4258-8b91-b49897b089fe,"""2026-08-19T00:38:31.924Z""",2026-08-19T00:38:31.924000,success,200,,,,[Cache] Tenant pool lookup,{},[],storage,0,null,[],null
2edf9210-f237-4d5d-8b81-89d384a37efa,"""2026-08-19T00:38:21.075Z""",2026-08-19T00:38:21.075000,warning,200,,,,ougxeheoaifcuetnmgrw | GET | ABORTED REQ | 10.106.80.165 | req-3f | /tenants/ougxeheoaifcuetnmgrw/health | @supabase-infra/mgmt-api/365fea2,{},[],storage,0,null,[],null
051e4ccf-3e57-4bb9-b36c-a80984e3de95,"""2026-08-19T00:38:16.089Z""",2026-08-19T00:38:16.089000,success,200,,,,[Cache] Tenant pool lookup,{},[],storage,0,null,[],null
4dec201d-7659-44c0-a19b-ca21c7637ebc,"""2026-08-19T00:38:16.088Z""",2026-08-19T00:38:16.088000,success,200,,,,Sent 200 in 3ms,{},[],realtime,0,null,[],null
7c15fdd6-d91b-4f9a-b168-9aaa78fd2357,"""2026-08-19T00:38:05.420Z""",2026-08-19T00:38:05.420000,warning,200,,,,ougxeheoaifcuetnmgrw | GET | ABORTED REQ | 10.106.80.165 | req-isq | /tenants/ougxeheoaifcuetnmgrw/health | @supabase-infra/mgmt-api/365fea2,{},[],storage,0,null,[],null
34d2f0fd-1b86-4e53-809d-3f0ff60b855b,"""2026-08-19T00:38:00.444Z""",2026-08-19T00:38:00.444000,success,200,,,,[Cache] Tenant pool lookup,{},[],storage,0,null,[],null
0bdfeb72-409e-4c50-9242-caa0be5cb61d,"""2026-08-19T00:38:00.420Z""",2026-08-19T00:38:00.420000,success,200,,,,Sent 200 in 552µs,{},[],realtime,0,null,[],null
bda5d6d0-0673-4d09-9697-7e78e99024ec,"""2026-08-19T00:37:48.120Z""",2026-08-19T00:37:48.120000,success,200,,,,ougxeheoaifcuetnmgrw | GET | 200 | 10.106.22.126 | req-ivt | /tenants/ougxeheoaifcuetnmgrw/health | @supabase-infra/mgmt-api/365fea2,{},[],storage,0,null,[],null
6bc242cd-8fad-46f5-ab2e-b53619f036a8,"""2026-08-19T00:37:43.136Z""",2026-08-19T00:37:43.136000,success,200,,,,Sent 200 in 2ms,{},[],realtime,0,null,[],null
f8ec0f23-192a-48dc-a9bd-6ff98afa232c,"""2026-08-19T00:37:30.044Z""",2026-08-19T00:37:30.044000,success,200,,,,ougxeheoaifcuetnmgrw | GET | 200 | 10.106.80.165 | req-cqb | /tenants/ougxeheoaifcuetnmgrw/health | @supabase-infra/mgmt-api/365fea2,{},[],storage,0,null,[],null
4149e25f-98b8-4449-bd5c-a5870b8095e5,"""2026-08-19T00:37:25.046Z""",2026-08-19T00:37:25.046000,success,200,,,,Sent 200 in 487µs,{},[],realtime,0,null,[],null
a2a68dc5-a0d3-4978-8933-ff1eb3094778,"""2026-08-19T00:37:25.044Z""",2026-08-19T00:37:25.044000,success,200,,,,[Cache] Tenant pool lookup,{},[],storage,0,null,[],null
97db4b53-ba38-4caa-bdbe-fb5fe6223f13,"""2026-08-19T00:37:14.493Z""",2026-08-19T00:37:14.493000,warning,200,,,,ougxeheoaifcuetnmgrw | GET | ABORTED REQ | 10.106.80.165 | req-2j | /tenants/ougxeheoaifcuetnmgrw/health | @supabase-infra/mgmt-api/365fea2,{},[],storage,0,null,[],null
bf5ca5e5-fb57-49e6-b51a-bdccf8ff26bc,"""2026-08-19T00:37:09.502Z""",2026-08-19T00:37:09.502000,success,200,,,,[Cache] Tenant pool lookup,{},[],storage,0,null,[],null
3e0ad0c1-4e2f-476d-87a1-1b0fc464de20,"""2026-08-19T00:37:09.502Z""",2026-08-19T00:37:09.502000,success,200,,,,Sent 200 in 478µs,{},[],realtime,0,null,[],null
01839f96-914f-4855-887f-8961a44b6c9a,"""2026-08-19T00:36:57.388Z""",2026-08-19T00:36:57.388000,warning,200,,,,ougxeheoaifcuetnmgrw | GET | ABORTED REQ | 10.106.39.250 | req-2a | /tenants/ougxeheoaifcuetnmgrw/health | @supabase-infra/mgmt-api/365fea2,{},[],storage,0,null,[],null
c334a4bf-4c1d-4dae-9c4b-823cc819d4cb,"""2026-08-19T00:36:52.652Z""",2026-08-19T00:36:52.652000,success,200,,,,[Cache] Tenant pool lookup,{},[],storage,0,null,[],null
10adb86f-d220-49f7-b9ca-b86330508f2e,"""2026-08-19T00:36:52.413Z""",2026-08-19T00:36:52.413000,success,200,,,,Sent 200 in 2ms,{},[],realtime,0,null,[],null
eec4a3b1-e361-4a02-bca8-e40d61359352,"""2026-08-19T00:36:39.152Z""",2026-08-19T00:36:39.152000,success,200,,,,ougxeheoaifcuetnmgrw | GET | 200 | 10.106.22.126 | req-25 | /tenants/ougxeheoaifcuetnmgrw/health | @supabase-infra/mgmt-api/365fea2,{},[],storage,0,null,[],null
978cd418-40aa-4382-9b4d-bd0598288b1d,"""2026-08-19T00:36:34.153Z""",2026-08-19T00:36:34.153000,success,200,,,,Sent 200 in 2ms,{},[],realtime,0,null,[],null
d801081e-1fe3-4cde-86fd-6aaf4083a76d,"""2026-08-19T00:36:34.151Z""",2026-08-19T00:36:34.151000,success,200,,,,[Cache] Tenant pool lookup,{},[],storage,0,null,[],null
75797654-e672-4bbf-a378-a2541326ae99,"""2026-08-19T00:36:06.530Z""",2026-08-19T00:36:06.530000,success,200,,,,Sent 200 in 2ms,{},[],realtime,0,null,[],null
6963f6f3-3887-446a-bf07-fbfed9c3033a,"""2026-08-19T00:36:06.527Z""",2026-08-19T00:36:06.527000,success,200,,,,[Cache] Tenant pool lookup,{},[],storage,0,null,[],null
4ae7bb25-3d0f-4b58-875d-5766cc2090b9,"""2026-08-19T00:36:06.384Z""",2026-08-19T00:36:06.384000,error,522,POST,,/admin/v1/network-bans/retrieve,POST | 522 | https://ougxeheoaifcuetnmgrw.supabase.co/admin/v1/network-bans/retrieve | @supabase-infra/mgmt-api/365fea2,{},[],edge,0,null,[],null
add109fd-1972-4d4d-8cdc-15afcb43382d,"""2026-08-19T00:36:06.360Z""",2026-08-19T00:36:06.360000,success,200,,,,ougxeheoaifcuetnmgrw | GET | 200 | 10.106.22.126 | req-5dk | /tenants/ougxeheoaifcuetnmgrw | @supabase-infra/mgmt-api/365fea2,{},[],storage,0,null,[],null
74c09396-b6ae-4a13-a6df-7deaaa4c5658,"""2026-08-19T00:34:50.363Z""",2026-08-19T00:34:50.363000,success,200,OPTIONS,,/auth/v1/token,"OPTIONS | 200 | https://ougxeheoaifcuetnmgrw.supabase.co/auth/v1/token?grant_type=password | Mozilla/5.0 (Macintosh; Intel Mac OS X 10_15_7) AppleWebKit/537.36 (KHTML, like Gecko) Chrome/151.0.0.0 Safari/537.36",{},[],edge,0,null,[],null
d3c21ae8-4792-41d5-8a7a-6395c4efd469,"""2026-08-19T00:30:56.664Z""",2026-08-19T00:30:56.664000,warning,401,GET,,/auth/v1/settings,GET | 401 | https://ougxeheoaifcuetnmgrw.supabase.co/auth/v1/settings | curl/8.7.1,{},[],edge,0,null,[],null
2ec99429-2b8c-4645-a0f7-7e7e65aa0cfe,"""2026-08-19T00:30:56.107Z""",2026-08-19T00:30:56.107000,warning,401,GET,,/auth/v1/health,GET | 401 | https://ougxeheoaifcuetnmgrw.supabase.co/auth/v1/health | curl/8.7.1,{},[],edge,0,null,[],null
424e70af-8230-4c57-bb33-c2629ca9e281,"""2026-08-19T00:30:16.768Z""",2026-08-19T00:30:16.768000,error,520,POST,,/auth/v1/token,"POST | 520 | https://ougxeheoaifcuetnmgrw.supabase.co/auth/v1/token?grant_type=refresh_token | Mozilla/5.0 (Macintosh; Intel Mac OS X 10_15_7) AppleWebKit/537.36 (KHTML, like Gecko) Chrome/151.0.0.0 Safari/537.36",{},[],edge,0,null,[],null
f3dd83d9-0804-4325-8448-1336bdd41037,"""2026-08-19T00:26:28.697Z""",2026-08-19T00:26:28.697000,success,200,OPTIONS,,/auth/v1/token,"OPTIONS | 200 | https://ougxeheoaifcuetnmgrw.supabase.co/auth/v1/token?grant_type=refresh_token | Mozilla/5.0 (Linux; Android 10; K) AppleWebKit/537.36 (KHTML, like Gecko) Chrome/151.0.0.0 Mobile Safari/537.36",{},[],edge,0,null,[],null
6fe9a06f-71dd-4fd4-98f8-1fae1af53207,"""2026-08-19T00:21:47.541Z""",2026-08-19T00:21:47.541000,error,200,,,,InitializingProjectConnection: Realtime is initializing the project connection,{},[],realtime,0,null,[],null
ac102f3e-0533-41fa-abde-1a4b97908a0d,"""2026-08-19T00:21:47.540Z""",2026-08-19T00:21:47.540000,success,200,,,,Tenant ougxeheoaifcuetnmgrw has been terminated: :shutdown,{},[],realtime,0,null,[],null
8aac2f12-d46c-49a4-9e83-c0b84019169f,"""2026-08-19T00:21:47.540Z""",2026-08-19T00:21:47.540000,error,200,,,,"UnableToConnectToTenantDatabase: %DBConnection.ConnectionError{
  message: ""[Elixir.Realtime.Tenants.Connect.DynamicSupervisor] connection not available and request was dropped from queue after 12000ms. This means requests are coming in and your connection pool cannot serve them fast enough. You can address this by:\n\n  1. Ensuring your database is available and that you can connect to it\n  2. Tracking down slow queries and making sure they are running fast enough\n  3. Increasing the pool_size (although this increases resource consumption)\n  4. Allowing requests to wait longer by increasing :queue_target and :queue_interval\n\nSee DBConnection.start_link/2 for more information\n"",
  severity: :error,
  reason: :queue_timeout
}",{},[],realtime,0,null,[],null
4bcbae2e-dacf-4713-a52d-07ab1a5c2af3,"""2026-08-19T00:21:47.539Z""",2026-08-19T00:21:47.539000,error,200,,,,"UnableToConnectToTenantDatabase: %DBConnection.ConnectionError{
  message: ""[Elixir.Realtime.Tenants.Connect.DynamicSupervisor] connection not available and request was dropped from queue after 12000ms. This means requests are coming in and your connection pool cannot serve them fast enough. You can address this by:\n\n  1. Ensuring your database is available and that you can connect to it\n  2. Tracking down slow queries and making sure they are running fast enough\n  3. Increasing the pool_size (although this increases resource consumption)\n  4. Allowing requests to wait longer by increasing :queue_target and :queue_interval\n\nSee DBConnection.start_link/2 for more information\n"",
  severity: :error,
  reason: :queue_timeout
}",{},[],realtime,0,null,[],null
8f3eec51-169d-455e-9430-d1ef7e9210bb,"""2026-08-19T00:21:47.539Z""",2026-08-19T00:21:47.539000,error,200,,,,Realtime.Tenants.Connect.CheckConnection failed in 15003 ms,{},[],realtime,0,null,[],null
d1fb12ce-51d2-43e8-8a5e-dd98fc1640eb,"""2026-08-19T00:21:39.782Z""",2026-08-19T00:21:39.782000,error,520,POST,,/auth/v1/token,"POST | 520 | https://ougxeheoaifcuetnmgrw.supabase.co/auth/v1/token?grant_type=refresh_token | Mozilla/5.0 (Macintosh; Intel Mac OS X 10_15_7) AppleWebKit/537.36 (KHTML, like Gecko) Chrome/151.0.0.0 Safari/537.36",{},[],edge,0,null,[],null
e2fdf3bf-5354-423c-95af-9d77724594e7,"""2026-08-19T00:21:39.740Z""",2026-08-19T00:21:39.740000,success,200,OPTIONS,,/auth/v1/token,"OPTIONS | 200 | https://ougxeheoaifcuetnmgrw.supabase.co/auth/v1/token?grant_type=refresh_token | Mozilla/5.0 (Macintosh; Intel Mac OS X 10_15_7) AppleWebKit/537.36 (KHTML, like Gecko) Chrome/151.0.0.0 Safari/537.36",{},[],edge,0,null,[],null
73af5309-f635-415e-b01c-a90fb4896fba,"""2026-08-19T00:21:32.536Z""",2026-08-19T00:21:32.536000,success,200,,,,Realtime.Tenants.Connect.GetTenant executed in 0 ms,{},[],realtime,0,null,[],null
adcad59a-143e-4e27-bfd6-b5bd63a7fb64,"""2026-08-19T00:21:32.344Z""",2026-08-19T00:21:32.344000,success,101,GET,,/realtime/v1/websocket,"GET | 101 | https://ougxeheoaifcuetnmgrw.supabase.co/realtime/v1/websocket?apikey=REDACTED&vsn=2.0.0 | Mozilla/5.0 (Macintosh; Intel Mac OS X 10_15_7) AppleWebKit/537.36 (KHTML, like Gecko) Chrome/151.0.0.0 Safari/537.36",{},[],edge,0,null,[],null
1dbb04b1-eb84-490d-8638-2940fef14595,"""2026-08-19T00:19:59.888Z""",2026-08-19T00:19:59.888000,error,200,,,,UnableToConnectToProject: Realtime was unable to connect to the project database,{},[],realtime,0,null,[],null
93587bac-b608-401c-8a70-9e5976a04d91,"""2026-08-19T00:19:59.887Z""",2026-08-19T00:19:59.887000,error,200,,,,UnableToConnectToTenantDatabase: Unable to connect to tenant database,{},[],realtime,0,null,[],null
8b4d2eb6-7cde-4a0a-b311-e072d5c67ddc,"""2026-08-19T00:19:59.885Z""",2026-08-19T00:19:59.885000,error,200,,,,InitializingProjectConnection: Realtime is initializing the project connection,{},[],realtime,0,null,[],null
0c30cd58-fb45-4819-bc39-e8785bfd7507,"""2026-08-19T00:19:59.883Z""",2026-08-19T00:19:59.883000,error,200,,,,"UnableToConnectToTenantDatabase: %DBConnection.ConnectionError{
  message: ""[Elixir.Realtime.Tenants.Connect.DynamicSupervisor] connection not available and request was dropped from queue after 12000ms. This means requests are coming in and your connection pool cannot serve them fast enough. You can address this by:\n\n  1. Ensuring your database is available and that you can connect to it\n  2. Tracking down slow queries and making sure they are running fast enough\n  3. Increasing the pool_size (although this increases resource consumption)\n  4. Allowing requests to wait longer by increasing :queue_target and :queue_interval\n\nSee DBConnection.start_link/2 for more information\n"",
  severity: :error,
  reason: :queue_timeout
}",{},[],realtime,0,null,[],null
3dcdc915-3e43-4cbe-8462-bce7db689fe2,"""2026-08-19T00:19:59.883Z""",2026-08-19T00:19:59.883000,success,200,,,,Tenant ougxeheoaifcuetnmgrw has been terminated: :shutdown,{},[],realtime,0,null,[],null
7780cef8-8a1a-4016-ab16-e8ad0a9527f5,"""2026-08-19T00:19:59.882Z""",2026-08-19T00:19:59.882000,error,200,,,,"UnableToConnectToTenantDatabase: %DBConnection.ConnectionError{
  message: ""[Elixir.Realtime.Tenants.Connect.DynamicSupervisor] connection not available and request was dropped from queue after 12000ms. This means requests are coming in and your connection pool cannot serve them fast enough. You can address this by:\n\n  1. Ensuring your database is available and that you can connect to it\n  2. Tracking down slow queries and making sure they are running fast enough\n  3. Increasing the pool_size (although this increases resource consumption)\n  4. Allowing requests to wait longer by increasing :queue_target and :queue_interval\n\nSee DBConnection.start_link/2 for more information\n"",
  severity: :error,
  reason: :queue_timeout
}",{},[],realtime,0,null,[],null
554802ff-ed85-4f06-a200-df0d6645a44e,"""2026-08-19T00:19:59.882Z""",2026-08-19T00:19:59.882000,error,200,,,,Realtime.Tenants.Connect.CheckConnection failed in 15002 ms,{},[],realtime,0,null,[],null
15b3fd81-7b5e-4932-9577-a4540ef46b57,"""2026-08-19T00:19:44.880Z""",2026-08-19T00:19:44.880000,success,200,,,,Realtime.Tenants.Connect.GetTenant executed in 0 ms,{},[],realtime,0,null,[],null
19516cb4-e046-4c8b-8fe4-fa8a92cf712f,"""2026-08-19T00:19:42.548Z""",2026-08-19T00:19:42.548000,error,200,,,,UnableToConnectToProject: Realtime was unable to connect to the project database,{},[],realtime,0,null,[],null
7ec40ef2-c110-4491-bf63-a19de2d85d62,"""2026-08-19T00:19:42.544Z""",2026-08-19T00:19:42.544000,error,200,,,,UnableToConnectToTenantDatabase: Unable to connect to tenant database,{},[],realtime,0,null,[],null
bd30d815-e4ed-484e-9918-1ac90c0de585,"""2026-08-19T00:19:42.544Z""",2026-08-19T00:19:42.544000,error,200,,,,"UnableToConnectToTenantDatabase: %DBConnection.ConnectionError{
  message: ""[Elixir.Realtime.Tenants.Connect.DynamicSupervisor] connection not available and request was dropped from queue after 12000ms. This means requests are coming in and your connection pool cannot serve them fast enough. You can address this by:\n\n  1. Ensuring your database is available and that you can connect to it\n  2. Tracking down slow queries and making sure they are running fast enough\n  3. Increasing the pool_size (although this increases resource consumption)\n  4. Allowing requests to wait longer by increasing :queue_target and :queue_interval\n\nSee DBConnection.start_link/2 for more information\n"",
  severity: :error,
  reason: :queue_timeout
}",{},[],realtime,0,null,[],null
54c9294a-4d3c-45ca-9562-52dca617f61a,"""2026-08-19T00:19:42.544Z""",2026-08-19T00:19:42.544000,success,200,,,,Tenant ougxeheoaifcuetnmgrw has been terminated: :shutdown,{},[],realtime,0,null,[],null
a8edf92b-9f24-4bf4-b25d-cd2bd6df04ab,"""2026-08-19T00:19:42.543Z""",2026-08-19T00:19:42.543000,error,200,,,,InitializingProjectConnection: Realtime is initializing the project connection,{},[],realtime,0,null,[],null
cf1fde3b-9cf0-4357-a47c-80186779f01d,"""2026-08-19T00:19:42.543Z""",2026-08-19T00:19:42.543000,error,200,,,,Realtime.Tenants.Connect.CheckConnection failed in 15003 ms,{},[],realtime,0,null,[],null
693feedc-6185-4d9a-8cec-e319a6d20900,"""2026-08-19T00:19:42.543Z""",2026-08-19T00:19:42.543000,error,200,,,,"UnableToConnectToTenantDatabase: %DBConnection.ConnectionError{
  message: ""[Elixir.Realtime.Tenants.Connect.DynamicSupervisor] connection not available and request was dropped from queue after 12000ms. This means requests are coming in and your connection pool cannot serve them fast enough. You can address this by:\n\n  1. Ensuring your database is available and that you can connect to it\n  2. Tracking down slow queries and making sure they are running fast enough\n  3. Increasing the pool_size (although this increases resource consumption)\n  4. Allowing requests to wait longer by increasing :queue_target and :queue_interval\n\nSee DBConnection.start_link/2 for more information\n"",
  severity: :error,
  reason: :queue_timeout
}",{},[],realtime,0,null,[],null
df0062a4-f96e-4f10-90a2-18b2cb89139b,"""2026-08-19T00:19:36.609Z""",2026-08-19T00:19:36.609000,success,101,GET,,/realtime/v1/websocket,"GET | 101 | https://ougxeheoaifcuetnmgrw.supabase.co/realtime/v1/websocket?apikey=REDACTED&vsn=2.0.0 | Mozilla/5.0 (Macintosh; Intel Mac OS X 10_15_7) AppleWebKit/537.36 (KHTML, like Gecko) Chrome/151.0.0.0 Safari/537.36",{},[],edge,0,null,[],null
61b8e9e1-4cbc-4a9b-ac15-bfd99282a959,"""2026-08-19T00:19:27.540Z""",2026-08-19T00:19:27.540000,success,200,,,,Realtime.Tenants.Connect.GetTenant executed in 1 ms,{},[],realtime,0,null,[],null
02c10b24-587d-4a8a-bf43-cd493e2d721c,"""2026-08-19T00:19:23.534Z""",2026-08-19T00:19:23.534000,error,200,,,,UnableToConnectToTenantDatabase: Unable to connect to tenant database,{},[],realtime,0,null,[],null
0dcea729-671f-4777-a5a0-d4efc9c998f5,"""2026-08-19T00:19:23.534Z""",2026-08-19T00:19:23.534000,error,200,,,,UnableToConnectToProject: Realtime was unable to connect to the project database,{},[],realtime,0,null,[],null
35ab990a-a845-4100-86db-448a0c8965ce,"""2026-08-19T00:19:23.531Z""",2026-08-19T00:19:23.531000,error,200,,,,InitializingProjectConnection: Realtime is initializing the project connection,{},[],realtime,0,null,[],null
419449a9-b881-431f-af1f-a9793ef53261,"""2026-08-19T00:19:23.529Z""",2026-08-19T00:19:23.529000,error,200,,,,"UnableToConnectToTenantDatabase: %DBConnection.ConnectionError{
  message: ""[Elixir.Realtime.Tenants.Connect.DynamicSupervisor] connection not available and request was dropped from queue after 12000ms. This means requests are coming in and your connection pool cannot serve them fast enough. You can address this by:\n\n  1. Ensuring your database is available and that you can connect to it\n  2. Tracking down slow queries and making sure they are running fast enough\n  3. Increasing the pool_size (although this increases resource consumption)\n  4. Allowing requests to wait longer by increasing :queue_target and :queue_interval\n\nSee DBConnection.start_link/2 for more information\n"",
  severity: :error,
  reason: :queue_timeout
}",{},[],realtime,0,null,[],null
242893b7-1555-47a1-a018-40b845c64b35,"""2026-08-19T00:19:23.529Z""",2026-08-19T00:19:23.529000,error,200,,,,"UnableToConnectToTenantDatabase: %DBConnection.ConnectionError{
  message: ""[Elixir.Realtime.Tenants.Connect.DynamicSupervisor] connection not available and request was dropped from queue after 12000ms. This means requests are coming in and your connection pool cannot serve them fast enough. You can address this by:\n\n  1. Ensuring your database is available and that you can connect to it\n  2. Tracking down slow queries and making sure they are running fast enough\n  3. Increasing the pool_size (although this increases resource consumption)\n  4. Allowing requests to wait longer by increasing :queue_target and :queue_interval\n\nSee DBConnection.start_link/2 for more information\n"",
  severity: :error,
  reason: :queue_timeout
}",{},[],realtime,0,null,[],null
17629055-e1f8-4fe6-9c3f-4beada116782,"""2026-08-19T00:19:23.529Z""",2026-08-19T00:19:23.529000,success,200,,,,Tenant ougxeheoaifcuetnmgrw has been terminated: :shutdown,{},[],realtime,0,null,[],null
7c1082d0-065b-4773-8f84-2d73bd881be2,"""2026-08-19T00:19:23.529Z""",2026-08-19T00:19:23.529000,error,200,,,,Realtime.Tenants.Connect.CheckConnection failed in 15002 ms,{},[],realtime,0,null,[],null
3bfa6a35-fe62-4fc3-9dd8-5d0bfbffed5b,"""2026-08-19T00:19:08.527Z""",2026-08-19T00:19:08.527000,success,200,,,,Realtime.Tenants.Connect.GetTenant executed in 0 ms,{},[],realtime,0,null,[],null
0ca98efb-8773-43fe-a1c7-564b2c8986e5,"""2026-08-19T00:19:06.511Z""",2026-08-19T00:19:06.511000,error,200,,,,UnableToConnectToTenantDatabase: Unable to connect to tenant database,{},[],realtime,0,null,[],null
3ac64957-4a90-4848-91ac-a27216cc9620,"""2026-08-19T00:19:06.511Z""",2026-08-19T00:19:06.511000,error,200,,,,UnableToConnectToProject: Realtime was unable to connect to the project database,{},[],realtime,0,null,[],null
09b2c9ed-bdd2-43e8-af0a-62c1369980af,"""2026-08-19T00:19:06.506Z""",2026-08-19T00:19:06.506000,error,200,,,,Realtime.Tenants.Connect.CheckConnection failed in 17001 ms,{},[],realtime,0,null,[],null
29da1494-2b7c-4778-9dca-69090a3fa252,"""2026-08-19T00:19:06.506Z""",2026-08-19T00:19:06.506000,success,200,,,,Tenant ougxeheoaifcuetnmgrw has been terminated: :shutdown,{},[],realtime,0,null,[],null
6d53b76d-45ee-4f5e-836f-d47f54d7447b,"""2026-08-19T00:19:06.506Z""",2026-08-19T00:19:06.506000,error,200,,,,"UnableToConnectToTenantDatabase: %DBConnection.ConnectionError{
  message: ""[Elixir.Realtime.Tenants.Connect.DynamicSupervisor] connection not available and request was dropped from queue after 12000ms. This means requests are coming in and your connection pool cannot serve them fast enough. You can address this by:\n\n  1. Ensuring your database is available and that you can connect to it\n  2. Tracking down slow queries and making sure they are running fast enough\n  3. Increasing the pool_size (although this increases resource consumption)\n  4. Allowing requests to wait longer by increasing :queue_target and :queue_interval\n\nSee DBConnection.start_link/2 for more information\n"",
  severity: :error,
  reason: :queue_timeout
}",{},[],realtime,0,null,[],null
a59e1f05-b648-489a-818c-6c0548cc56b9,"""2026-08-19T00:19:06.506Z""",2026-08-19T00:19:06.506000,error,200,,,,"UnableToConnectToTenantDatabase: %DBConnection.ConnectionError{
  message: ""[Elixir.Realtime.Tenants.Connect.DynamicSupervisor] connection not available and request was dropped from queue after 12000ms. This means requests are coming in and your connection pool cannot serve them fast enough. You can address this by:\n\n  1. Ensuring your database is available and that you can connect to it\n  2. Tracking down slow queries and making sure they are running fast enough\n  3. Increasing the pool_size (although this increases resource consumption)\n  4. Allowing requests to wait longer by increasing :queue_target and :queue_interval\n\nSee DBConnection.start_link/2 for more information\n"",
  severity: :error,
  reason: :queue_timeout
}",{},[],realtime,0,null,[],null
66f0d130-edd0-4441-b618-97d51d00570e,"""2026-08-19T00:19:04.510Z""",2026-08-19T00:19:04.510000,error,200,,,,InitializingProjectConnection: Realtime is initializing the project connection,{},[],realtime,0,null,[],null
6bb1f3d2-24b0-4e1f-8882-fd7258e5fffe,"""2026-08-19T00:18:49.504Z""",2026-08-19T00:18:49.504000,success,200,,,,Realtime.Tenants.Connect.GetTenant executed in 0 ms,{},[],realtime,0,null,[],null
cbd7f1ee-ceca-409f-b88d-52ab313d62c2,"""2026-08-19T00:18:45.736Z""",2026-08-19T00:18:45.736000,error,200,,,,"UnableToConnectToTenantDatabase: %DBConnection.ConnectionError{
  message: ""[Elixir.Realtime.Tenants.Connect.DynamicSupervisor] connection not available and request was dropped from queue after 12000ms. This means requests are coming in and your connection pool cannot serve them fast enough. You can address this by:\n\n  1. Ensuring your database is available and that you can connect to it\n  2. Tracking down slow queries and making sure they are running fast enough\n  3. Increasing the pool_size (although this increases resource consumption)\n  4. Allowing requests to wait longer by increasing :queue_target and :queue_interval\n\nSee DBConnection.start_link/2 for more information\n"",
  severity: :error,
  reason: :queue_timeout
}",{},[],realtime,0,null,[],null
50ea6e28-5071-4f29-8cc8-748117b48cd9,"""2026-08-19T00:18:45.736Z""",2026-08-19T00:18:45.736000,success,200,,,,Tenant ougxeheoaifcuetnmgrw has been terminated: :shutdown,{},[],realtime,0,null,[],null
206a142a-6e53-4288-9282-4e15c1130770,"""2026-08-19T00:18:45.735Z""",2026-08-19T00:18:45.735000,error,200,,,,Realtime.Tenants.Connect.CheckConnection failed in 15246 ms,{},[],realtime,0,null,[],null
0303b02c-5353-4a4e-867a-3d4a87ecd433,"""2026-08-19T00:18:45.735Z""",2026-08-19T00:18:45.735000,error,200,,,,"UnableToConnectToTenantDatabase: %DBConnection.ConnectionError{
  message: ""[Elixir.Realtime.Tenants.Connect.DynamicSupervisor] connection not available and request was dropped from queue after 12000ms. This means requests are coming in and your connection pool cannot serve them fast enough. You can address this by:\n\n  1. Ensuring your database is available and that you can connect to it\n  2. Tracking down slow queries and making sure they are running fast enough\n  3. Increasing the pool_size (although this increases resource consumption)\n  4. Allowing requests to wait longer by increasing :queue_target and :queue_interval\n\nSee DBConnection.start_link/2 for more information\n"",
  severity: :error,
  reason: :queue_timeout
}",{},[],realtime,0,null,[],null
b0b9eab8-5509-421f-a7e6-55f32b7b7fea,"""2026-08-19T00:18:45.496Z""",2026-08-19T00:18:45.496000,error,200,,,,InitializingProjectConnection: Realtime is initializing the project connection,{},[],realtime,0,null,[],null
c155ea44-57cc-4640-9c0f-06b5ec9016ea,"""2026-08-19T00:18:45.218Z""",2026-08-19T00:18:45.218000,success,101,GET,,/realtime/v1/websocket,"GET | 101 | https://ougxeheoaifcuetnmgrw.supabase.co/realtime/v1/websocket?apikey=REDACTED&vsn=2.0.0 | Mozilla/5.0 (Macintosh; Intel Mac OS X 10_15_7) AppleWebKit/537.36 (KHTML, like Gecko) Chrome/151.0.0.0 Safari/537.36",{},[],edge,0,null,[],null
75f6449f-0146-4ff8-aa3d-201ce5188e13,"""2026-08-19T00:18:30.489Z""",2026-08-19T00:18:30.489000,success,200,,,,Realtime.Tenants.Connect.GetTenant executed in 0 ms,{},[],realtime,0,null,[],null
26ed8df4-2ca8-4bd6-b6b1-d44df9088c2e,"""2026-08-19T00:18:26.470Z""",2026-08-19T00:18:26.470000,error,200,,,,Realtime.Tenants.Connect.CheckConnection failed in 15004 ms,{},[],realtime,0,null,[],null
c9d906b5-3330-412d-a635-4debd79db3fb,"""2026-08-19T00:18:26.470Z""",2026-08-19T00:18:26.470000,success,200,,,,Tenant ougxeheoaifcuetnmgrw has been terminated: :shutdown,{},[],realtime,0,null,[],null
3d0e2ca0-b091-4a73-a573-3d2b6de8a387,"""2026-08-19T00:18:26.470Z""",2026-08-19T00:18:26.470000,error,200,,,,InitializingProjectConnection: Realtime is initializing the project connection,{},[],realtime,0,null,[],null
915da6cb-3f2d-4af6-9f50-5569c4fa266a,"""2026-08-19T00:18:26.470Z""",2026-08-19T00:18:26.470000,error,200,,,,"UnableToConnectToTenantDatabase: %DBConnection.ConnectionError{
  message: ""[Elixir.Realtime.Tenants.Connect.DynamicSupervisor] connection not available and request was dropped from queue after 12000ms. This means requests are coming in and your connection pool cannot serve them fast enough. You can address this by:\n\n  1. Ensuring your database is available and that you can connect to it\n  2. Tracking down slow queries and making sure they are running fast enough\n  3. Increasing the pool_size (although this increases resource consumption)\n  4. Allowing requests to wait longer by increasing :queue_target and :queue_interval\n\nSee DBConnection.start_link/2 for more information\n"",
  severity: :error,
  reason: :queue_timeout
}",{},[],realtime,0,null,[],null
f999f43c-ae26-4218-90b5-fe9a6242801c,"""2026-08-19T00:18:26.470Z""",2026-08-19T00:18:26.470000,error,200,,,,"UnableToConnectToTenantDatabase: %DBConnection.ConnectionError{
  message: ""[Elixir.Realtime.Tenants.Connect.DynamicSupervisor] connection not available and request was dropped from queue after 12000ms. This means requests are coming in and your connection pool cannot serve them fast enough. You can address this by:\n\n  1. Ensuring your database is available and that you can connect to it\n  2. Tracking down slow queries and making sure they are running fast enough\n  3. Increasing the pool_size (although this increases resource consumption)\n  4. Allowing requests to wait longer by increasing :queue_target and :queue_interval\n\nSee DBConnection.start_link/2 for more information\n"",
  severity: :error,
  reason: :queue_timeout
}",{},[],realtime,0,null,[],null
3bd61348-6de8-4122-9cc1-5ab0612bf2ea,"""2026-08-19T00:18:13.832Z""",2026-08-19T00:18:13.832000,error,522,GET,,/rest/v1/movimenti,"GET | 522 | https://ougxeheoaifcuetnmgrw.supabase.co/rest/v1/movimenti?select=squadra%2Cdescrizione%2Centrata%2Cuscita%2Cdata&data=gte.2026-02-16&data=lte.2026-09-15 | Mozilla/5.0 (Macintosh; Intel Mac OS X 10_15_7) AppleWebKit/537.36 (KHTML, like Gecko) Chrome/151.0.0.0 Safari/537.36",{},[],edge,0,null,[],a7918e7b-c7c8-485e-bb52-b6eada062bff
2ea24e0c-0184-438a-bfd2-8b3781832e9c,"""2026-08-19T00:18:13.831Z""",2026-08-19T00:18:13.831000,error,522,GET,,/rest/v1/impostazioni,"GET | 522 | https://ougxeheoaifcuetnmgrw.supabase.co/rest/v1/impostazioni?select=valore&chiave=eq.modalita_tassazione&limit=1 | Mozilla/5.0 (Macintosh; Intel Mac OS X 10_15_7) AppleWebKit/537.36 (KHTML, like Gecko) Chrome/151.0.0.0 Safari/537.36",{},[],edge,0,null,[],a7918e7b-c7c8-485e-bb52-b6eada062bff
262fe82c-a9a5-4f7f-a2f7-bb64049e5184,"""2026-08-19T00:18:13.830Z""",2026-08-19T00:18:13.830000,error,522,GET,,/rest/v1/impostazioni,"GET | 522 | https://ougxeheoaifcuetnmgrw.supabase.co/rest/v1/impostazioni?select=valore&chiave=eq.stagione_label&limit=1 | Mozilla/5.0 (Macintosh; Intel Mac OS X 10_15_7) AppleWebKit/537.36 (KHTML, like Gecko) Chrome/151.0.0.0 Safari/537.36",{},[],edge,0,null,[],a7918e7b-c7c8-485e-bb52-b6eada062bff
88146851-6b38-4269-85e5-33adad82eaf0,"""2026-08-19T00:18:13.830Z""",2026-08-19T00:18:13.830000,error,522,GET,,/rest/v1/impostazioni,"GET | 522 | https://ougxeheoaifcuetnmgrw.supabase.co/rest/v1/impostazioni?select=valore&chiave=eq.modalita_svincolati&limit=1 | Mozilla/5.0 (Macintosh; Intel Mac OS X 10_15_7) AppleWebKit/537.36 (KHTML, like Gecko) Chrome/151.0.0.0 Safari/537.36",{},[],edge,0,null,[],a7918e7b-c7c8-485e-bb52-b6eada062bff
d231caab-1f6e-4e6f-9102-55893934fdc7,"""2026-08-19T00:18:13.827Z""",2026-08-19T00:18:13.827000,error,522,GET,,/rest/v1/club_identity,"GET | 522 | https://ougxeheoaifcuetnmgrw.supabase.co/rest/v1/club_identity?select=squadra%2Cstemma_url%2Cstemma_thumb_url%2Cmaglia_casa_url%2Cmaglia_trasferta_url%2Cmaglia_terza_url | Mozilla/5.0 (Macintosh; Intel Mac OS X 10_15_7) AppleWebKit/537.36 (KHTML, like Gecko) Chrome/151.0.0.0 Safari/537.36",{},[],edge,0,null,[],a7918e7b-c7c8-485e-bb52-b6eada062bff
6a3df3f7-2e49-4e96-8e10-6823db27ec84,"""2026-08-19T00:18:13.818Z""",2026-08-19T00:18:13.818000,error,522,GET,,/rest/v1/movimenti,"GET | 522 | https://ougxeheoaifcuetnmgrw.supabase.co/rest/v1/movimenti?select=squadra%2Cdescrizione%2Centrata%2Cuscita%2Cdata&data=gte.2026-02-16&data=lte.2026-09-15 | Mozilla/5.0 (Macintosh; Intel Mac OS X 10_15_7) AppleWebKit/537.36 (KHTML, like Gecko) Chrome/151.0.0.0 Safari/537.36",{},[],edge,0,null,[],a7918e7b-c7c8-485e-bb52-b6eada062bff
dabf3a52-5a3d-452b-85b4-473c8b80ce11,"""2026-08-19T00:18:13.813Z""",2026-08-19T00:18:13.813000,error,522,GET,,/rest/v1/impostazioni,"GET | 522 | https://ougxeheoaifcuetnmgrw.supabase.co/rest/v1/impostazioni?select=valore&chiave=eq.stagione_label&limit=1 | Mozilla/5.0 (Macintosh; Intel Mac OS X 10_15_7) AppleWebKit/537.36 (KHTML, like Gecko) Chrome/151.0.0.0 Safari/537.36",{},[],edge,0,null,[],a7918e7b-c7c8-485e-bb52-b6eada062bff
e29055c5-5de0-4e68-8fbb-281f262c41fe,"""2026-08-19T00:18:11.466Z""",2026-08-19T00:18:11.466000,success,200,,,,Realtime.Tenants.Connect.GetTenant executed in 1 ms,{},[],realtime,0,null,[],null
cfb84a7c-b014-4fcc-aa41-05bfc70c3db8,"""2026-08-19T00:18:07.448Z""",2026-08-19T00:18:07.448000,error,200,,,,UnableToConnectToProject: Realtime was unable to connect to the project database,{},[],realtime,0,null,[],null
a755e95c-235f-4aae-87c2-33b9902d6382,"""2026-08-19T00:18:07.447Z""",2026-08-19T00:18:07.447000,error,200,,,,UnableToConnectToProject: Realtime was unable to connect to the project database,{},[],realtime,0,null,[],null
13220e88-4652-4ec4-a44e-fb79fe8bb403,"""2026-08-19T00:18:07.446Z""",2026-08-19T00:18:07.446000,error,200,,,,UnableToConnectToTenantDatabase: Unable to connect to tenant database,{},[],realtime,0,null,[],null
1edad601-623e-42cf-be6d-0abc637a11fa,"""2026-08-19T00:18:07.444Z""",2026-08-19T00:18:07.444000,error,200,,,,InitializingProjectConnection: Realtime is initializing the project connection,{},[],realtime,0,null,[],null
c91c4683-1627-4a9f-b33f-af6ba51038de,"""2026-08-19T00:18:07.442Z""",2026-08-19T00:18:07.442000,error,200,,,,UnableToConnectToTenantDatabase: Unable to connect to tenant database,{},[],realtime,0,null,[],null
28e24b23-fd67-4223-88b0-07f0f9c918b8,"""2026-08-19T00:18:07.442Z""",2026-08-19T00:18:07.442000,error,200,,,,"UnableToConnectToTenantDatabase: %DBConnection.ConnectionError{
  message: ""[Elixir.Realtime.Tenants.Connect.DynamicSupervisor] connection not available and request was dropped from queue after 12000ms. This means requests are coming in and your connection pool cannot serve them fast enough. You can address this by:\n\n  1. Ensuring your database is available and that you can connect to it\n  2. Tracking down slow queries and making sure they are running fast enough\n  3. Increasing the pool_size (although this increases resource consumption)\n  4. Allowing requests to wait longer by increasing :queue_target and :queue_interval\n\nSee DBConnection.start_link/2 for more information\n"",
  severity: :error,
  reason: :queue_timeout
}",{},[],realtime,0,null,[],null
52d23973-ccc5-4438-85a2-8aa1d459958f,"""2026-08-19T00:18:07.442Z""",2026-08-19T00:18:07.442000,success,200,,,,Tenant ougxeheoaifcuetnmgrw has been terminated: :shutdown,{},[],realtime,0,null,[],null
7e3c88ed-344b-400a-921b-b3f7aaa86a97,"""2026-08-19T00:18:07.441Z""",2026-08-19T00:18:07.441000,error,200,,,,Realtime.Tenants.Connect.CheckConnection failed in 15003 ms,{},[],realtime,0,null,[],null
7307420a-bf6d-40dd-8eaf-fd3265ab5ca3,"""2026-08-19T00:18:07.441Z""",2026-08-19T00:18:07.441000,error,200,,,,"UnableToConnectToTenantDatabase: %DBConnection.ConnectionError{
  message: ""[Elixir.Realtime.Tenants.Connect.DynamicSupervisor] connection not available and request was dropped from queue after 12000ms. This means requests are coming in and your connection pool cannot serve them fast enough. You can address this by:\n\n  1. Ensuring your database is available and that you can connect to it\n  2. Tracking down slow queries and making sure they are running fast enough\n  3. Increasing the pool_size (although this increases resource consumption)\n  4. Allowing requests to wait longer by increasing :queue_target and :queue_interval\n\nSee DBConnection.start_link/2 for more information\n"",
  severity: :error,
  reason: :queue_timeout
}",{},[],realtime,0,null,[],null
26ca77ff-1921-40aa-be8b-b2aea05a23f2,"""2026-08-19T00:17:53.844Z""",2026-08-19T00:17:53.844000,success,101,GET,,/realtime/v1/websocket,"GET | 101 | https://ougxeheoaifcuetnmgrw.supabase.co/realtime/v1/websocket?apikey=REDACTED&vsn=2.0.0 | Mozilla/5.0 (Macintosh; Intel Mac OS X 10_15_7) AppleWebKit/537.36 (KHTML, like Gecko) Chrome/151.0.0.0 Safari/537.36",{},[],edge,0,null,[],null
1ac138ad-77f5-4b39-8b75-9fba9c207b9f,"""2026-08-19T00:17:52.438Z""",2026-08-19T00:17:52.438000,success,200,,,,Realtime.Tenants.Connect.GetTenant executed in 0 ms,{},[],realtime,0,null,[],null
580462f6-0c26-4c98-b34e-845230f7cea6,"""2026-08-19T00:17:48.433Z""",2026-08-19T00:17:48.433000,error,200,,,,UnableToConnectToProject: Realtime was unable to connect to the project database,{},[],realtime,0,null,[],null
3cef51d1-130f-402c-ab7c-2d92b31f017f,"""2026-08-19T00:17:48.433Z""",2026-08-19T00:17:48.433000,error,200,,,,UnableToConnectToTenantDatabase: Unable to connect to tenant database,{},[],realtime,0,null,[],null
3f50a096-02c9-4704-bfc4-29b9e079e101,"""2026-08-19T00:17:48.430Z""",2026-08-19T00:17:48.430000,error,200,,,,InitializingProjectConnection: Realtime is initializing the project connection,{},[],realtime,0,null,[],null
91ac1fbc-db65-401d-afdb-9edc975f5878,"""2026-08-19T00:17:48.428Z""",2026-08-19T00:17:48.428000,error,200,,,,Realtime.Tenants.Connect.CheckConnection failed in 15003 ms,{},[],realtime,0,null,[],null
7dac52d9-caf0-4a73-aa4d-ba4db9115097,"""2026-08-19T00:17:48.428Z""",2026-08-19T00:17:48.428000,success,200,,,,Tenant ougxeheoaifcuetnmgrw has been terminated: :shutdown,{},[],realtime,0,null,[],null
adc83d5d-f8cf-4535-a7eb-fd74b7d40386,"""2026-08-19T00:17:48.428Z""",2026-08-19T00:17:48.428000,error,200,,,,"UnableToConnectToTenantDatabase: %DBConnection.ConnectionError{
  message: ""[Elixir.Realtime.Tenants.Connect.DynamicSupervisor] connection not available and request was dropped from queue after 12000ms. This means requests are coming in and your connection pool cannot serve them fast enough. You can address this by:\n\n  1. Ensuring your database is available and that you can connect to it\n  2. Tracking down slow queries and making sure they are running fast enough\n  3. Increasing the pool_size (although this increases resource consumption)\n  4. Allowing requests to wait longer by increasing :queue_target and :queue_interval\n\nSee DBConnection.start_link/2 for more information\n"",
  severity: :error,
  reason: :queue_timeout
}",{},[],realtime,0,null,[],null
ac52c4df-ff2d-4a11-9190-a80f68e5c20c,"""2026-08-19T00:17:48.428Z""",2026-08-19T00:17:48.428000,error,200,,,,"UnableToConnectToTenantDatabase: %DBConnection.ConnectionError{
  message: ""[Elixir.Realtime.Tenants.Connect.DynamicSupervisor] connection not available and request was dropped from queue after 12000ms. This means requests are coming in and your connection pool cannot serve them fast enough. You can address this by:\n\n  1. Ensuring your database is available and that you can connect to it\n  2. Tracking down slow queries and making sure they are running fast enough\n  3. Increasing the pool_size (although this increases resource consumption)\n  4. Allowing requests to wait longer by increasing :queue_target and :queue_interval\n\nSee DBConnection.start_link/2 for more information\n"",
  severity: :error,
  reason: :queue_timeout
}",{},[],realtime,0,null,[],null
b79321db-017e-4b82-aa05-9be53b44750e,"""2026-08-19T00:17:33.424Z""",2026-08-19T00:17:33.424000,success,200,,,,Realtime.Tenants.Connect.GetTenant executed in 0 ms,{},[],realtime,0,null,[],null
7829b202-fb85-4566-a313-9f01688b45c8,"""2026-08-19T00:17:29.416Z""",2026-08-19T00:17:29.416000,error,200,,,,InitializingProjectConnection: Realtime is initializing the project connection,{},[],realtime,0,null,[],null
07a2d19f-4be8-4362-9cfe-54c1ca613fec,"""2026-08-19T00:17:29.416Z""",2026-08-19T00:17:29.416000,error,200,,,,"UnableToConnectToTenantDatabase: %DBConnection.ConnectionError{
  message: ""[Elixir.Realtime.Tenants.Connect.DynamicSupervisor] connection not available and request was dropped from queue after 12000ms. This means requests are coming in and your connection pool cannot serve them fast enough. You can address this by:\n\n  1. Ensuring your database is available and that you can connect to it\n  2. Tracking down slow queries and making sure they are running fast enough\n  3. Increasing the pool_size (although this increases resource consumption)\n  4. Allowing requests to wait longer by increasing :queue_target and :queue_interval\n\nSee DBConnection.start_link/2 for more information\n"",
  severity: :error,
  reason: :queue_timeout
}",{},[],realtime,0,null,[],null
2a1645dc-d82f-46cc-8a0e-281c036ef67b,"""2026-08-19T00:17:29.416Z""",2026-08-19T00:17:29.416000,success,200,,,,Tenant ougxeheoaifcuetnmgrw has been terminated: :shutdown,{},[],realtime,0,null,[],null
3357345f-d2d7-4b55-858b-84d16c54ebbb,"""2026-08-19T00:17:29.416Z""",2026-08-19T00:17:29.416000,error,200,,,,Realtime.Tenants.Connect.CheckConnection failed in 15002 ms,{},[],realtime,0,null,[],null
db04f718-ba90-4f24-ab8a-5a440ad1359d,"""2026-08-19T00:17:29.415Z""",2026-08-19T00:17:29.415000,error,200,,,,"UnableToConnectToTenantDatabase: %DBConnection.ConnectionError{
  message: ""[Elixir.Realtime.Tenants.Connect.DynamicSupervisor] connection not available and request was dropped from queue after 12000ms. This means requests are coming in and your connection pool cannot serve them fast enough. You can address this by:\n\n  1. Ensuring your database is available and that you can connect to it\n  2. Tracking down slow queries and making sure they are running fast enough\n  3. Increasing the pool_size (although this increases resource consumption)\n  4. Allowing requests to wait longer by increasing :queue_target and :queue_interval\n\nSee DBConnection.start_link/2 for more information\n"",
  severity: :error,
  reason: :queue_timeout
}",{},[],realtime,0,null,[],null
8777114c-2d8f-43a3-b6ef-5226f564d031,"""2026-08-19T00:17:27.488Z""",2026-08-19T00:17:27.488000,success,101,GET,,/realtime/v1/websocket,"GET | 101 | https://ougxeheoaifcuetnmgrw.supabase.co/realtime/v1/websocket?apikey=REDACTED&vsn=2.0.0 | Mozilla/5.0 (Macintosh; Intel Mac OS X 10_15_7) AppleWebKit/537.36 (KHTML, like Gecko) Chrome/151.0.0.0 Safari/537.36",{},[],edge,0,null,[],null
0c82bc41-51d0-45cd-988b-451d42381cf6,"""2026-08-19T00:17:14.412Z""",2026-08-19T00:17:14.412000,success,200,,,,Realtime.Tenants.Connect.GetTenant executed in 1 ms,{},[],realtime,0,null,[],null
352d0b25-950e-479c-97b0-0b797ad8c08a,"""2026-08-19T00:17:10.381Z""",2026-08-19T00:17:10.381000,error,200,,,,InitializingProjectConnection: Realtime is initializing the project connection,{},[],realtime,0,null,[],null
4dcf0932-6a75-4f73-aa73-e3a029f7fbe4,"""2026-08-19T00:17:10.379Z""",2026-08-19T00:17:10.379000,error,200,,,,"UnableToConnectToTenantDatabase: %DBConnection.ConnectionError{
  message: ""[Elixir.Realtime.Tenants.Connect.DynamicSupervisor] connection not available and request was dropped from queue after 12000ms. This means requests are coming in and your connection pool cannot serve them fast enough. You can address this by:\n\n  1. Ensuring your database is available and that you can connect to it\n  2. Tracking down slow queries and making sure they are running fast enough\n  3. Increasing the pool_size (although this increases resource consumption)\n  4. Allowing requests to wait longer by increasing :queue_target and :queue_interval\n\nSee DBConnection.start_link/2 for more information\n"",
  severity: :error,
  reason: :queue_timeout
}",{},[],realtime,0,null,[],null
6166b780-0efa-4d19-9d2f-77a51589389b,"""2026-08-19T00:17:10.379Z""",2026-08-19T00:17:10.379000,success,200,,,,Tenant ougxeheoaifcuetnmgrw has been terminated: :shutdown,{},[],realtime,0,null,[],null
1ba15c33-f2c6-472a-9c5d-9f012f8d9f25,"""2026-08-19T00:17:10.379Z""",2026-08-19T00:17:10.379000,error,200,,,,"UnableToConnectToTenantDatabase: %DBConnection.ConnectionError{
  message: ""[Elixir.Realtime.Tenants.Connect.DynamicSupervisor] connection not available and request was dropped from queue after 12000ms. This means requests are coming in and your connection pool cannot serve them fast enough. You can address this by:\n\n  1. Ensuring your database is available and that you can connect to it\n  2. Tracking down slow queries and making sure they are running fast enough\n  3. Increasing the pool_size (although this increases resource consumption)\n  4. Allowing requests to wait longer by increasing :queue_target and :queue_interval\n\nSee DBConnection.start_link/2 for more information\n"",
  severity: :error,
  reason: :queue_timeout
}",{},[],realtime,0,null,[],null
689e769c-0015-4ef6-8041-cff18f4191ce,"""2026-08-19T00:17:10.379Z""",2026-08-19T00:17:10.379000,error,200,,,,Realtime.Tenants.Connect.CheckConnection failed in 15003 ms,{},[],realtime,0,null,[],null
c0c5f449-e9f2-4bae-bb2a-48652b758c75,"""2026-08-19T00:16:55.376Z""",2026-08-19T00:16:55.376000,success,200,,,,Realtime.Tenants.Connect.GetTenant executed in 0 ms,{},[],realtime,0,null,[],null
9c14b52c-144a-4fd5-b7bb-ed03e3a42461,"""2026-08-19T00:16:51.367Z""",2026-08-19T00:16:51.367000,error,200,,,,Realtime.Tenants.Connect.CheckConnection failed in 15002 ms,{},[],realtime,0,null,[],null
57c7c4cb-b204-4561-af3f-88796b8aae21,"""2026-08-19T00:16:51.367Z""",2026-08-19T00:16:51.367000,error,200,,,,"UnableToConnectToTenantDatabase: %DBConnection.ConnectionError{
  message: ""[Elixir.Realtime.Tenants.Connect.DynamicSupervisor] connection not available and request was dropped from queue after 12000ms. This means requests are coming in and your connection pool cannot serve them fast enough. You can address this by:\n\n  1. Ensuring your database is available and that you can connect to it\n  2. Tracking down slow queries and making sure they are running fast enough\n  3. Increasing the pool_size (although this increases resource consumption)\n  4. Allowing requests to wait longer by increasing :queue_target and :queue_interval\n\nSee DBConnection.start_link/2 for more information\n"",
  severity: :error,
  reason: :queue_timeout
}",{},[],realtime,0,null,[],null
18c476e0-da8b-4db3-9bca-8648a3c9cf11,"""2026-08-19T00:16:51.367Z""",2026-08-19T00:16:51.367000,error,200,,,,"UnableToConnectToTenantDatabase: %DBConnection.ConnectionError{
  message: ""[Elixir.Realtime.Tenants.Connect.DynamicSupervisor] connection not available and request was dropped from queue after 12000ms. This means requests are coming in and your connection pool cannot serve them fast enough. You can address this by:\n\n  1. Ensuring your database is available and that you can connect to it\n  2. Tracking down slow queries and making sure they are running fast enough\n  3. Increasing the pool_size (although this increases resource consumption)\n  4. Allowing requests to wait longer by increasing :queue_target and :queue_interval\n\nSee DBConnection.start_link/2 for more information\n"",
  severity: :error,
  reason: :queue_timeout
}",{},[],realtime,0,null,[],null
841bcab1-03fd-46cf-991c-116b58588dfa,"""2026-08-19T00:16:51.367Z""",2026-08-19T00:16:51.367000,error,200,,,,InitializingProjectConnection: Realtime is initializing the project connection,{},[],realtime,0,null,[],null
c287c588-5b3f-419a-8487-c2bed219b151,"""2026-08-19T00:16:51.367Z""",2026-08-19T00:16:51.367000,success,200,,,,Tenant ougxeheoaifcuetnmgrw has been terminated: :shutdown,{},[],realtime,0,null,[],null
6bc0da59-d695-4743-be31-7e9113d7803c,"""2026-08-19T00:16:45.143Z""",2026-08-19T00:16:45.143000,success,200,,,,ougxeheoaifcuetnmgrw | GET | 200 | 10.106.39.250 | req-121j | /tenants/ougxeheoaifcuetnmgrw | @supabase-infra/mgmt-api/365fea2,{},[],storage,0,null,[],null
eff1e1ba-cb97-4ef9-8e23-a7bdb16bcb64,"""2026-08-19T00:16:36.364Z""",2026-08-19T00:16:36.364000,success,200,,,,Realtime.Tenants.Connect.GetTenant executed in 2 ms,{},[],realtime,0,null,[],null
c528084c-3a2d-4bcc-b6ba-7bc54c9018ab,"""2026-08-19T00:16:36.140Z""",2026-08-19T00:16:36.140000,success,101,GET,,/realtime/v1/websocket,"GET | 101 | https://ougxeheoaifcuetnmgrw.supabase.co/realtime/v1/websocket?apikey=REDACTED&vsn=2.0.0 | Mozilla/5.0 (Macintosh; Intel Mac OS X 10_15_7) AppleWebKit/537.36 (KHTML, like Gecko) Chrome/151.0.0.0 Safari/537.36",{},[],edge,0,null,[],null
a895d819-ab41-42f0-86ed-82201f2fda39,"""2026-08-19T00:16:03.474Z""",2026-08-19T00:16:03.474000,success,200,OPTIONS,,/auth/v1/token,"OPTIONS | 200 | https://ougxeheoaifcuetnmgrw.supabase.co/auth/v1/token?grant_type=refresh_token | Mozilla/5.0 (Linux; Android 10; K) AppleWebKit/537.36 (KHTML, like Gecko) Chrome/151.0.0.0 Mobile Safari/537.36",{},[],edge,0,null,[],null
9e75c092-36bf-42fe-b451-328b6dda79f9,"""2026-08-19T00:15:42.972Z""",2026-08-19T00:15:42.972000,error,200,,,,InitializingProjectConnection: Realtime is initializing the project connection,{},[],realtime,0,null,[],null
98cfba6f-5226-4676-b08f-df0658794385,"""2026-08-19T00:15:42.970Z""",2026-08-19T00:15:42.970000,error,200,,,,"UnableToConnectToTenantDatabase: %DBConnection.ConnectionError{
  message: ""[Elixir.Realtime.Tenants.Connect.DynamicSupervisor] connection not available and request was dropped from queue after 12000ms. This means requests are coming in and your connection pool cannot serve them fast enough. You can address this by:\n\n  1. Ensuring your database is available and that you can connect to it\n  2. Tracking down slow queries and making sure they are running fast enough\n  3. Increasing the pool_size (although this increases resource consumption)\n  4. Allowing requests to wait longer by increasing :queue_target and :queue_interval\n\nSee DBConnection.start_link/2 for more information\n"",
  severity: :error,
  reason: :queue_timeout
}",{},[],realtime,0,null,[],null
68d570b7-8425-41d4-ab90-0fdba1cf49b7,"""2026-08-19T00:15:42.970Z""",2026-08-19T00:15:42.970000,error,200,,,,Realtime.Tenants.Connect.CheckConnection failed in 15002 ms,{},[],realtime,0,null,[],null
ec764cf1-087b-4526-a339-0165e3cd28fa,"""2026-08-19T00:15:42.970Z""",2026-08-19T00:15:42.970000,success,200,,,,Tenant ougxeheoaifcuetnmgrw has been terminated: :shutdown,{},[],realtime,0,null,[],null
f592e681-8806-48e3-8cff-10ac32b47211,"""2026-08-19T00:15:42.970Z""",2026-08-19T00:15:42.970000,error,200,,,,"UnableToConnectToTenantDatabase: %DBConnection.ConnectionError{
  message: ""[Elixir.Realtime.Tenants.Connect.DynamicSupervisor] connection not available and request was dropped from queue after 12000ms. This means requests are coming in and your connection pool cannot serve them fast enough. You can address this by:\n\n  1. Ensuring your database is available and that you can connect to it\n  2. Tracking down slow queries and making sure they are running fast enough\n  3. Increasing the pool_size (although this increases resource consumption)\n  4. Allowing requests to wait longer by increasing :queue_target and :queue_interval\n\nSee DBConnection.start_link/2 for more information\n"",
  severity: :error,
  reason: :queue_timeout
}",{},[],realtime,0,null,[],null
c86955d0-13f4-415c-b4e3-ea7769121ff2,"""2026-08-19T00:15:27.967Z""",2026-08-19T00:15:27.967000,success,200,,,,Realtime.Tenants.Connect.GetTenant executed in 0 ms,{},[],realtime,0,null,[],null
3f77cad5-ee37-4bcf-bbdf-8d3998b361e3,"""2026-08-19T00:15:27.684Z""",2026-08-19T00:15:27.684000,success,101,GET,,/realtime/v1/websocket,"GET | 101 | https://ougxeheoaifcuetnmgrw.supabase.co/realtime/v1/websocket?apikey=REDACTED&vsn=2.0.0 | Mozilla/5.0 (Linux; Android 10; K) AppleWebKit/537.36 (KHTML, like Gecko) Chrome/151.0.0.0 Mobile Safari/537.36",{},[],edge,0,null,[],null
30317e4f-a6c9-4882-bc7f-464da43aab66,"""2026-08-19T00:15:22.777Z""",2026-08-19T00:15:22.777000,error,200,,,,UnableToConnectToProject: Realtime was unable to connect to the project database,{},[],realtime,0,null,[],null
d63830f6-cbe7-4ad4-8d2c-56650153747b,"""2026-08-19T00:15:22.777Z""",2026-08-19T00:15:22.777000,error,200,,,,UnableToConnectToTenantDatabase: Unable to connect to tenant database,{},[],realtime,0,null,[],null
fc978a10-e3e9-4b5c-8d78-79341c2ec5eb,"""2026-08-19T00:15:22.774Z""",2026-08-19T00:15:22.774000,error,200,,,,InitializingProjectConnection: Realtime is initializing the project connection,{},[],realtime,0,null,[],null
33b233ef-5410-401e-aee8-e53f59955e34,"""2026-08-19T00:15:22.772Z""",2026-08-19T00:15:22.772000,error,200,,,,"UnableToConnectToTenantDatabase: %DBConnection.ConnectionError{
  message: ""[Elixir.Realtime.Tenants.Connect.DynamicSupervisor] connection not available and request was dropped from queue after 12000ms. This means requests are coming in and your connection pool cannot serve them fast enough. You can address this by:\n\n  1. Ensuring your database is available and that you can connect to it\n  2. Tracking down slow queries and making sure they are running fast enough\n  3. Increasing the pool_size (although this increases resource consumption)\n  4. Allowing requests to wait longer by increasing :queue_target and :queue_interval\n\nSee DBConnection.start_link/2 for more information\n"",
  severity: :error,
  reason: :queue_timeout
}",{},[],realtime,0,null,[],null
b6c6f649-10e2-4975-a8f7-97f0e749e255,"""2026-08-19T00:15:22.772Z""",2026-08-19T00:15:22.772000,error,200,,,,"UnableToConnectToTenantDatabase: %DBConnection.ConnectionError{
  message: ""[Elixir.Realtime.Tenants.Connect.DynamicSupervisor] connection not available and request was dropped from queue after 12000ms. This means requests are coming in and your connection pool cannot serve them fast enough. You can address this by:\n\n  1. Ensuring your database is available and that you can connect to it\n  2. Tracking down slow queries and making sure they are running fast enough\n  3. Increasing the pool_size (although this increases resource consumption)\n  4. Allowing requests to wait longer by increasing :queue_target and :queue_interval\n\nSee DBConnection.start_link/2 for more information\n"",
  severity: :error,
  reason: :queue_timeout
}",{},[],realtime,0,null,[],null
ffc5db97-65e5-4ae9-99ee-ed4a04476ddd,"""2026-08-19T00:15:22.772Z""",2026-08-19T00:15:22.772000,error,200,,,,Realtime.Tenants.Connect.CheckConnection failed in 15003 ms,{},[],realtime,0,null,[],null
4b3256c7-e350-42cb-83d5-d79ca9718423,"""2026-08-19T00:15:22.772Z""",2026-08-19T00:15:22.772000,success,200,,,,Tenant ougxeheoaifcuetnmgrw has been terminated: :shutdown,{},[],realtime,0,null,[],null
e4c539d8-e05b-46df-ad1d-8f3728abfbcd,"""2026-08-19T00:15:18.602Z""",2026-08-19T00:15:18.602000,success,101,GET,,/realtime/v1/websocket,"GET | 101 | https://ougxeheoaifcuetnmgrw.supabase.co/realtime/v1/websocket?apikey=REDACTED&vsn=2.0.0 | Mozilla/5.0 (Linux; Android 10; K) AppleWebKit/537.36 (KHTML, like Gecko) Chrome/151.0.0.0 Mobile Safari/537.36",{},[],edge,0,null,[],null
30694341-fdd9-4559-825f-1c68965f491f,"""2026-08-19T00:15:07.769Z""",2026-08-19T00:15:07.769000,success,200,,,,Realtime.Tenants.Connect.GetTenant executed in 0 ms,{},[],realtime,0,null,[],null
842fca4a-f270-4fed-980e-9d8c67801111,"""2026-08-19T00:15:03.741Z""",2026-08-19T00:15:03.741000,error,200,,,,UnableToConnectToTenantDatabase: Unable to connect to tenant database,{},[],realtime,0,null,[],null
d2c9c5ef-843b-42b9-8fdc-885143f15bdf,"""2026-08-19T00:15:03.741Z""",2026-08-19T00:15:03.741000,error,200,,,,UnableToConnectToProject: Realtime was unable to connect to the project database,{},[],realtime,0,null,[],null
1f85fd7c-b695-4593-91e9-f761178a99ed,"""2026-08-19T00:15:03.738Z""",2026-08-19T00:15:03.738000,error,200,,,,InitializingProjectConnection: Realtime is initializing the project connection,{},[],realtime,0,null,[],null
9d4ade4f-cc9a-4f77-b55b-bd20fcd8c345,"""2026-08-19T00:15:03.736Z""",2026-08-19T00:15:03.736000,success,200,,,,Tenant ougxeheoaifcuetnmgrw has been terminated: :shutdown,{},[],realtime,0,null,[],null
15d31f0c-a9d0-401f-9db2-120b58bc37a3,"""2026-08-19T00:15:03.736Z""",2026-08-19T00:15:03.736000,error,200,,,,Realtime.Tenants.Connect.CheckConnection failed in 15002 ms,{},[],realtime,0,null,[],null
98fa15d8-c6bf-430e-9704-848f7b77a215,"""2026-08-19T00:15:03.736Z""",2026-08-19T00:15:03.736000,error,200,,,,"UnableToConnectToTenantDatabase: %DBConnection.ConnectionError{
  message: ""[Elixir.Realtime.Tenants.Connect.DynamicSupervisor] connection not available and request was dropped from queue after 12000ms. This means requests are coming in and your connection pool cannot serve them fast enough. You can address this by:\n\n  1. Ensuring your database is available and that you can connect to it\n  2. Tracking down slow queries and making sure they are running fast enough\n  3. Increasing the pool_size (although this increases resource consumption)\n  4. Allowing requests to wait longer by increasing :queue_target and :queue_interval\n\nSee DBConnection.start_link/2 for more information\n"",
  severity: :error,
  reason: :queue_timeout
}",{},[],realtime,0,null,[],null
e50bd932-9649-4109-8e43-e4c12cb81029,"""2026-08-19T00:15:03.736Z""",2026-08-19T00:15:03.736000,error,200,,,,"UnableToConnectToTenantDatabase: %DBConnection.ConnectionError{
  message: ""[Elixir.Realtime.Tenants.Connect.DynamicSupervisor] connection not available and request was dropped from queue after 12000ms. This means requests are coming in and your connection pool cannot serve them fast enough. You can address this by:\n\n  1. Ensuring your database is available and that you can connect to it\n  2. Tracking down slow queries and making sure they are running fast enough\n  3. Increasing the pool_size (although this increases resource consumption)\n  4. Allowing requests to wait longer by increasing :queue_target and :queue_interval\n\nSee DBConnection.start_link/2 for more information\n"",
  severity: :error,
  reason: :queue_timeout
}",{},[],realtime,0,null,[],null
add1c6b4-d2ae-42d2-b878-be537b30e05d,"""2026-08-19T00:14:51.630Z""",2026-08-19T00:14:51.630000,success,101,GET,,/realtime/v1/websocket,"GET | 101 | https://ougxeheoaifcuetnmgrw.supabase.co/realtime/v1/websocket?apikey=REDACTED&vsn=2.0.0 | Mozilla/5.0 (Linux; Android 10; K) AppleWebKit/537.36 (KHTML, like Gecko) Chrome/151.0.0.0 Mobile Safari/537.36",{},[],edge,0,null,[],null
fea2f907-dd6d-4b50-b2d7-0a1b8a4ceac4,"""2026-08-19T00:14:48.733Z""",2026-08-19T00:14:48.733000,success,200,,,,Realtime.Tenants.Connect.GetTenant executed in 0 ms,{},[],realtime,0,null,[],null
9c9031b3-1586-4cd3-a2b6-03cabe9a5da7,"""2026-08-19T00:14:48.523Z""",2026-08-19T00:14:48.523000,success,101,GET,,/realtime/v1/websocket,"GET | 101 | https://ougxeheoaifcuetnmgrw.supabase.co/realtime/v1/websocket?apikey=REDACTED&vsn=2.0.0 | Mozilla/5.0 (Linux; Android 10; K) AppleWebKit/537.36 (KHTML, like Gecko) Chrome/151.0.0.0 Mobile Safari/537.36",{},[],edge,0,null,[],null
9529acca-27dc-4940-9694-82f81289fd89,"""2026-08-19T00:14:47.518Z""",2026-08-19T00:14:47.518000,error,200,,,,InitializingProjectConnection: Realtime is initializing the project connection,{},[],realtime,0,null,[],null
063ffce7-4d86-46a8-b6a8-f0ed0841c964,"""2026-08-19T00:14:47.516Z""",2026-08-19T00:14:47.516000,error,200,,,,"UnableToConnectToTenantDatabase: %DBConnection.ConnectionError{
  message: ""[Elixir.Realtime.Tenants.Connect.DynamicSupervisor] connection not available and request was dropped from queue after 12000ms. This means requests are coming in and your connection pool cannot serve them fast enough. You can address this by:\n\n  1. Ensuring your database is available and that you can connect to it\n  2. Tracking down slow queries and making sure they are running fast enough\n  3. Increasing the pool_size (although this increases resource consumption)\n  4. Allowing requests to wait longer by increasing :queue_target and :queue_interval\n\nSee DBConnection.start_link/2 for more information\n"",
  severity: :error,
  reason: :queue_timeout
}",{},[],realtime,0,null,[],null
e82ebc6b-2e2a-4e12-b16c-d89043f9c2d8,"""2026-08-19T00:14:47.516Z""",2026-08-19T00:14:47.516000,success,200,,,,Tenant ougxeheoaifcuetnmgrw has been terminated: :shutdown,{},[],realtime,0,null,[],null
cc89385e-b413-4891-9419-5ab0285e320a,"""2026-08-19T00:14:47.516Z""",2026-08-19T00:14:47.516000,error,200,,,,Realtime.Tenants.Connect.CheckConnection failed in 15003 ms,{},[],realtime,0,null,[],null
ff3e8149-4f2c-430b-939a-994f3c7721f2,"""2026-08-19T00:14:47.516Z""",2026-08-19T00:14:47.516000,error,200,,,,"UnableToConnectToTenantDatabase: %DBConnection.ConnectionError{
  message: ""[Elixir.Realtime.Tenants.Connect.DynamicSupervisor] connection not available and request was dropped from queue after 12000ms. This means requests are coming in and your connection pool cannot serve them fast enough. You can address this by:\n\n  1. Ensuring your database is available and that you can connect to it\n  2. Tracking down slow queries and making sure they are running fast enough\n  3. Increasing the pool_size (although this increases resource consumption)\n  4. Allowing requests to wait longer by increasing :queue_target and :queue_interval\n\nSee DBConnection.start_link/2 for more information\n"",
  severity: :error,
  reason: :queue_timeout
}",{},[],realtime,0,null,[],null
07430899-e8a1-4c58-8372-2b39a6f860cf,"""2026-08-19T00:14:32.513Z""",2026-08-19T00:14:32.513000,success,200,,,,Realtime.Tenants.Connect.GetTenant executed in 0 ms,{},[],realtime,0,null,[],null
51f826a4-4f7a-4304-a12d-53dd437b1f2a,"""2026-08-19T00:14:29.496Z""",2026-08-19T00:14:29.496000,error,200,,,,"Task #PID<0.81417894.2> started from Realtime.Tenants.Janitor terminating
** (DBConnection.ConnectionError) [Elixir.Realtime.Supervisor] connection not available and request was dropped from queue after 12000ms. This means requests are coming in and your connection pool cannot serve them fast enough. You can address this by:

  1. Ensuring your database is available and that you can connect to it
  2. Tracking down slow queries and making sure they are running fast enough
  3. Increasing the pool_size (although this increases resource consumption)
  4. Allowing requests to wait longer by increasing :queue_target and :queue_interval

See DBConnection.start_link/2 for more information

    (postgrex 0.22.4) lib/postgrex.ex:381: Postgrex.query!/4
    (realtime 2.128.0) lib/realtime/messages.ex:80: Realtime.Messages.delete_old_messages/1
    (realtime 2.128.0) lib/realtime/tenants/janitor/maintenance_task.ex:14: Realtime.Tenants.Janitor.MaintenanceTask.run/1
    (realtime 2.128.0) lib/realtime/tenants/janitor.ex:123: Realtime.Tenants.Janitor.perform_maintenance_task/1
    (elixir 1.19.5) lib/enum.ex:1688: Enum.""-map/2-lists^map/1-1-""/2
    (elixir 1.19.5) lib/enum.ex:1688: Enum.""-map/2-lists^map/1-1-""/2
    (elixir 1.19.5) lib/task/supervised.ex:105: Task.Supervised.invoke_mfa/2
    (elixir 1.19.5) lib/task/supervised.ex:40: Task.Supervised.reply/4
Function: #Function<3.62446968/0 in Realtime.Tenants.Janitor.handle_info/2>
    Args: []",{},[],realtime,0,null,[],null
d210f6ae-b31c-4179-900e-f9722c0e1d5b,"""2026-08-19T00:14:28.496Z""",2026-08-19T00:14:28.496000,error,200,,,,UnableToConnectToTenantDatabase: Unable to connect to tenant database,{},[],realtime,0,null,[],null
8100e5dc-f801-4d8f-82eb-5e20823248b7,"""2026-08-19T00:14:28.496Z""",2026-08-19T00:14:28.496000,error,200,,,,UnableToConnectToProject: Realtime was unable to connect to the project database,{},[],realtime,0,null,[],null
8cbfc38d-029e-4fee-bfa7-a8b21a286d87,"""2026-08-19T00:14:28.491Z""",2026-08-19T00:14:28.491000,error,200,,,,"UnableToConnectToTenantDatabase: %DBConnection.ConnectionError{
  message: ""[Elixir.Realtime.Tenants.Connect.DynamicSupervisor] connection not available and request was dropped from queue after 12000ms. This means requests are coming in and your connection pool cannot serve them fast enough. You can address this by:\n\n  1. Ensuring your database is available and that you can connect to it\n  2. Tracking down slow queries and making sure they are running fast enough\n  3. Increasing the pool_size (although this increases resource consumption)\n  4. Allowing requests to wait longer by increasing :queue_target and :queue_interval\n\nSee DBConnection.start_link/2 for more information\n"",
  severity: :error,
  reason: :queue_timeout
}",{},[],realtime,0,null,[],null
dad0a7fa-a06d-4e72-b1a8-4d7af9ece961,"""2026-08-19T00:14:28.491Z""",2026-08-19T00:14:28.491000,error,200,,,,InitializingProjectConnection: Realtime is initializing the project connection,{},[],realtime,0,null,[],null
20fca547-d920-495a-a8d8-a217f3dd530f,"""2026-08-19T00:14:28.491Z""",2026-08-19T00:14:28.491000,error,200,,,,"UnableToConnectToTenantDatabase: %DBConnection.ConnectionError{
  message: ""[Elixir.Realtime.Tenants.Connect.DynamicSupervisor] connection not available and request was dropped from queue after 12000ms. This means requests are coming in and your connection pool cannot serve them fast enough. You can address this by:\n\n  1. Ensuring your database is available and that you can connect to it\n  2. Tracking down slow queries and making sure they are running fast enough\n  3. Increasing the pool_size (although this increases resource consumption)\n  4. Allowing requests to wait longer by increasing :queue_target and :queue_interval\n\nSee DBConnection.start_link/2 for more information\n"",
  severity: :error,
  reason: :queue_timeout
}",{},[],realtime,0,null,[],null
87f565f8-141b-4d87-a79e-f9e247848618,"""2026-08-19T00:14:28.491Z""",2026-08-19T00:14:28.491000,success,200,,,,Tenant ougxeheoaifcuetnmgrw has been terminated: :shutdown,{},[],realtime,0,null,[],null
f54f34fa-304d-4422-a5d8-fb9a4f9f390a,"""2026-08-19T00:14:28.491Z""",2026-08-19T00:14:28.491000,error,200,,,,Realtime.Tenants.Connect.CheckConnection failed in 15002 ms,{},[],realtime,0,null,[],null
67f5b141-1a95-412e-a06b-057ef67d0ad0,"""2026-08-19T00:14:25.362Z""",2026-08-19T00:14:25.362000,success,101,GET,,/realtime/v1/websocket,"GET | 101 | https://ougxeheoaifcuetnmgrw.supabase.co/realtime/v1/websocket?apikey=REDACTED&vsn=2.0.0 | Mozilla/5.0 (Linux; Android 10; K) AppleWebKit/537.36 (KHTML, like Gecko) Chrome/151.0.0.0 Mobile Safari/537.36",{},[],edge,0,null,[],null
05d4c6bc-3402-448e-a9c7-a65c86959bb8,"""2026-08-19T00:14:17.494Z""",2026-08-19T00:14:17.494000,success,200,,,,Janitor starting realtime.messages cleanup,{},[],realtime,0,null,[],null
e3dcf157-963e-4121-a3bc-ebf5adedf8a0,"""2026-08-19T00:14:13.488Z""",2026-08-19T00:14:13.488000,success,200,,,,Realtime.Tenants.Connect.GetTenant executed in 1 ms,{},[],realtime,0,null,[],null
dc340ba5-aa5a-48be-9370-34e252a10733,"""2026-08-19T00:14:09.461Z""",2026-08-19T00:14:09.461000,error,200,,,,UnableToConnectToProject: Realtime was unable to connect to the project database,{},[],realtime,0,null,[],null
2a07cbf8-4af9-43fe-a284-40967b4fca64,"""2026-08-19T00:14:09.460Z""",2026-08-19T00:14:09.460000,error,200,,,,UnableToConnectToProject: Realtime was unable to connect to the project database,{},[],realtime,0,null,[],null
5a5c9780-6a50-48f4-a199-9dcbda9b8ad2,"""2026-08-19T00:14:09.460Z""",2026-08-19T00:14:09.460000,error,200,,,,UnableToConnectToTenantDatabase: Unable to connect to tenant database,{},[],realtime,0,null,[],null
c1fd4d75-ed8e-47dd-99c0-43e7ca9fc656,"""2026-08-19T00:14:09.460Z""",2026-08-19T00:14:09.460000,error,200,,,,UnableToConnectToTenantDatabase: Unable to connect to tenant database,{},[],realtime,0,null,[],null
e48e7136-79a8-4669-abb3-9fde88586ef4,"""2026-08-19T00:14:09.456Z""",2026-08-19T00:14:09.456000,error,200,,,,InitializingProjectConnection: Realtime is initializing the project connection,{},[],realtime,0,null,[],null
1a339a9f-ad1e-46c1-bc66-5f4998d190be,"""2026-08-19T00:14:09.455Z""",2026-08-19T00:14:09.455000,error,200,,,,"UnableToConnectToTenantDatabase: %DBConnection.ConnectionError{
  message: ""[Elixir.Realtime.Tenants.Connect.DynamicSupervisor] connection not available and request was dropped from queue after 12000ms. This means requests are coming in and your connection pool cannot serve them fast enough. You can address this by:\n\n  1. Ensuring your database is available and that you can connect to it\n  2. Tracking down slow queries and making sure they are running fast enough\n  3. Increasing the pool_size (although this increases resource consumption)\n  4. Allowing requests to wait longer by increasing :queue_target and :queue_interval\n\nSee DBConnection.start_link/2 for more information\n"",
  severity: :error,
  reason: :queue_timeout
}",{},[],realtime,0,null,[],null
a20d9008-0018-419d-bbd5-c090c136aeb9,"""2026-08-19T00:14:09.455Z""",2026-08-19T00:14:09.455000,error,200,,,,Realtime.Tenants.Connect.CheckConnection failed in 15003 ms,{},[],realtime,0,null,[],null
c786f3a8-7a74-49dc-b9de-25eff9e22820,"""2026-08-19T00:14:09.455Z""",2026-08-19T00:14:09.455000,error,200,,,,"UnableToConnectToTenantDatabase: %DBConnection.ConnectionError{
  message: ""[Elixir.Realtime.Tenants.Connect.DynamicSupervisor] connection not available and request was dropped from queue after 12000ms. This means requests are coming in and your connection pool cannot serve them fast enough. You can address this by:\n\n  1. Ensuring your database is available and that you can connect to it\n  2. Tracking down slow queries and making sure they are running fast enough\n  3. Increasing the pool_size (although this increases resource consumption)\n  4. Allowing requests to wait longer by increasing :queue_target and :queue_interval\n\nSee DBConnection.start_link/2 for more information\n"",
  severity: :error,
  reason: :queue_timeout
}",{},[],realtime,0,null,[],null
e323a36f-86b4-453e-a6cf-f352ab05075a,"""2026-08-19T00:14:09.455Z""",2026-08-19T00:14:09.455000,success,200,,,,Tenant ougxeheoaifcuetnmgrw has been terminated: :shutdown,{},[],realtime,0,null,[],null
f7ff7bdc-9197-4a1c-9a2a-2d76588e046f,"""2026-08-19T00:14:08.853Z""",2026-08-19T00:14:08.853000,success,101,GET,,/realtime/v1/websocket,"GET | 101 | https://ougxeheoaifcuetnmgrw.supabase.co/realtime/v1/websocket?apikey=REDACTED&vsn=2.0.0 | Mozilla/5.0 (Linux; Android 10; K) AppleWebKit/537.36 (KHTML, like Gecko) Chrome/151.0.0.0 Mobile Safari/537.36",{},[],edge,0,null,[],null
dc721c21-a402-43e5-be80-d7a4ebd168ce,"""2026-08-19T00:13:58.028Z""",2026-08-19T00:13:58.028000,success,101,GET,,/realtime/v1/websocket,"GET | 101 | https://ougxeheoaifcuetnmgrw.supabase.co/realtime/v1/websocket?apikey=REDACTED&vsn=2.0.0 | Mozilla/5.0 (Linux; Android 10; K) AppleWebKit/537.36 (KHTML, like Gecko) Chrome/151.0.0.0 Mobile Safari/537.36",{},[],edge,0,null,[],null
a900bfcf-53cc-4bac-8931-d0e3648dcd35,"""2026-08-19T00:13:54.452Z""",2026-08-19T00:13:54.452000,success,200,,,,Realtime.Tenants.Connect.GetTenant executed in 0 ms,{},[],realtime,0,null,[],null
01484a73-6bc8-4ca6-a865-d1cc67a671f9,"""2026-08-19T00:13:54.295Z""",2026-08-19T00:13:54.295000,success,101,GET,,/realtime/v1/websocket,"GET | 101 | https://ougxeheoaifcuetnmgrw.supabase.co/realtime/v1/websocket?apikey=REDACTED&vsn=2.0.0 | Mozilla/5.0 (Linux; Android 10; K) AppleWebKit/537.36 (KHTML, like Gecko) Chrome/151.0.0.0 Mobile Safari/537.36",{},[],edge,0,null,[],null
145e66db-9b9b-48ac-a88e-b1a2e41e4548,"""2026-08-19T00:13:49.913Z""",2026-08-19T00:13:49.913000,error,200,,,,UnableToConnectToTenantDatabase: Unable to connect to tenant database,{},[],realtime,0,null,[],null
2207eb66-a024-4068-a14f-e3f3268c6dc4,"""2026-08-19T00:13:49.913Z""",2026-08-19T00:13:49.913000,error,200,,,,UnableToConnectToProject: Realtime was unable to connect to the project database,{},[],realtime,0,null,[],null
27828729-2383-42c9-ba75-fc34b99c9805,"""2026-08-19T00:13:49.910Z""",2026-08-19T00:13:49.910000,error,200,,,,InitializingProjectConnection: Realtime is initializing the project connection,{},[],realtime,0,null,[],null
5a93f5a9-40ee-4a74-956f-1fbe6985e866,"""2026-08-19T00:13:49.908Z""",2026-08-19T00:13:49.908000,error,200,,,,"UnableToConnectToTenantDatabase: %DBConnection.ConnectionError{
  message: ""[Elixir.Realtime.Tenants.Connect.DynamicSupervisor] connection not available and request was dropped from queue after 12000ms. This means requests are coming in and your connection pool cannot serve them fast enough. You can address this by:\n\n  1. Ensuring your database is available and that you can connect to it\n  2. Tracking down slow queries and making sure they are running fast enough\n  3. Increasing the pool_size (although this increases resource consumption)\n  4. Allowing requests to wait longer by increasing :queue_target and :queue_interval\n\nSee DBConnection.start_link/2 for more information\n"",
  severity: :error,
  reason: :queue_timeout
}",{},[],realtime,0,null,[],null
9d3e8bc2-4ddd-4d18-90ac-7fb9c51a24bf,"""2026-08-19T00:13:49.908Z""",2026-08-19T00:13:49.908000,success,200,,,,Tenant ougxeheoaifcuetnmgrw has been terminated: :shutdown,{},[],realtime,0,null,[],null
4fcb08d7-ea86-4a4b-8952-3a58adef802b,"""2026-08-19T00:13:49.908Z""",2026-08-19T00:13:49.908000,error,200,,,,Realtime.Tenants.Connect.CheckConnection failed in 15002 ms,{},[],realtime,0,null,[],null
8da736f3-8e4f-402c-80ec-9a8f301ae1bf,"""2026-08-19T00:13:49.908Z""",2026-08-19T00:13:49.908000,error,200,,,,"UnableToConnectToTenantDatabase: %DBConnection.ConnectionError{
  message: ""[Elixir.Realtime.Tenants.Connect.DynamicSupervisor] connection not available and request was dropped from queue after 12000ms. This means requests are coming in and your connection pool cannot serve them fast enough. You can address this by:\n\n  1. Ensuring your database is available and that you can connect to it\n  2. Tracking down slow queries and making sure they are running fast enough\n  3. Increasing the pool_size (although this increases resource consumption)\n  4. Allowing requests to wait longer by increasing :queue_target and :queue_interval\n\nSee DBConnection.start_link/2 for more information\n"",
  severity: :error,
  reason: :queue_timeout
}",{},[],realtime,0,null,[],null
9c9ed4db-b68e-4fe5-9613-ebeaecd4e57d,"""2026-08-19T00:13:43.410Z""",2026-08-19T00:13:43.410000,success,101,GET,,/realtime/v1/websocket,"GET | 101 | https://ougxeheoaifcuetnmgrw.supabase.co/realtime/v1/websocket?apikey=REDACTED&vsn=2.0.0 | Mozilla/5.0 (Linux; Android 10; K) AppleWebKit/537.36 (KHTML, like Gecko) Chrome/151.0.0.0 Mobile Safari/537.36",{},[],edge,0,null,[],null
3e0e62b8-f8af-4bec-9e81-901e199a9977,"""2026-08-19T00:13:34.905Z""",2026-08-19T00:13:34.905000,success,200,,,,Realtime.Tenants.Connect.GetTenant executed in 0 ms,{},[],realtime,0,null,[],null
c18766e6-806f-41f0-b51a-64aed8f26e2e,"""2026-08-19T00:13:30.878Z""",2026-08-19T00:13:30.878000,error,200,,,,UnableToConnectToProject: Realtime was unable to connect to the project database,{},[],realtime,0,null,[],null
dd53692a-3180-449a-ad30-4c2e55f815db,"""2026-08-19T00:13:30.878Z""",2026-08-19T00:13:30.878000,error,200,,,,UnableToConnectToTenantDatabase: Unable to connect to tenant database,{},[],realtime,0,null,[],null
10f13902-0419-450f-9805-abc1aec1dece,"""2026-08-19T00:13:30.875Z""",2026-08-19T00:13:30.875000,error,200,,,,InitializingProjectConnection: Realtime is initializing the project connection,{},[],realtime,0,null,[],null
fbacd916-ce23-4d4a-b813-7640e7d4f63d,"""2026-08-19T00:13:30.873Z""",2026-08-19T00:13:30.873000,error,200,,,,Realtime.Tenants.Connect.CheckConnection failed in 15003 ms,{},[],realtime,0,null,[],null
40481e31-52d4-410c-a953-b6c97fa51a78,"""2026-08-19T00:13:30.873Z""",2026-08-19T00:13:30.873000,error,200,,,,"UnableToConnectToTenantDatabase: %DBConnection.ConnectionError{
  message: ""[Elixir.Realtime.Tenants.Connect.DynamicSupervisor] connection not available and request was dropped from queue after 12000ms. This means requests are coming in and your connection pool cannot serve them fast enough. You can address this by:\n\n  1. Ensuring your database is available and that you can connect to it\n  2. Tracking down slow queries and making sure they are running fast enough\n  3. Increasing the pool_size (although this increases resource consumption)\n  4. Allowing requests to wait longer by increasing :queue_target and :queue_interval\n\nSee DBConnection.start_link/2 for more information\n"",
  severity: :error,
  reason: :queue_timeout
}",{},[],realtime,0,null,[],null
47c9b26f-ba2e-4099-9457-13502cb3dceb,"""2026-08-19T00:13:30.873Z""",2026-08-19T00:13:30.873000,error,200,,,,"UnableToConnectToTenantDatabase: %DBConnection.ConnectionError{
  message: ""[Elixir.Realtime.Tenants.Connect.DynamicSupervisor] connection not available and request was dropped from queue after 12000ms. This means requests are coming in and your connection pool cannot serve them fast enough. You can address this by:\n\n  1. Ensuring your database is available and that you can connect to it\n  2. Tracking down slow queries and making sure they are running fast enough\n  3. Increasing the pool_size (although this increases resource consumption)\n  4. Allowing requests to wait longer by increasing :queue_target and :queue_interval\n\nSee DBConnection.start_link/2 for more information\n"",
  severity: :error,
  reason: :queue_timeout
}",{},[],realtime,0,null,[],null
b5d53b88-b6b8-4ea5-8178-a8ea4a9cf1c7,"""2026-08-19T00:13:30.873Z""",2026-08-19T00:13:30.873000,success,200,,,,Tenant ougxeheoaifcuetnmgrw has been terminated: :shutdown,{},[],realtime,0,null,[],null
0e010e75-e1bb-41de-b6be-55c1390f3492,"""2026-08-19T00:13:27.793Z""",2026-08-19T00:13:27.793000,success,200,OPTIONS,,/rest/v1/club_identity,"OPTIONS | 200 | https://ougxeheoaifcuetnmgrw.supabase.co/rest/v1/club_identity?select=squadra%2Cstemma_url%2Cstemma_thumb_url%2Cmaglia_casa_url%2Cmaglia_trasferta_url%2Cmaglia_terza_url | Mozilla/5.0 (Linux; Android 10; K) AppleWebKit/537.36 (KHTML, like Gecko) Chrome/151.0.0.0 Mobile Safari/537.36",{},[],edge,0,null,[],null
8d5eef55-127f-4249-a764-ace921560b32,"""2026-08-19T00:13:27.793Z""",2026-08-19T00:13:27.793000,success,200,OPTIONS,,/rest/v1/movimenti,"OPTIONS | 200 | https://ougxeheoaifcuetnmgrw.supabase.co/rest/v1/movimenti?select=squadra%2Cdescrizione%2Centrata%2Cuscita%2Cdata&data=gte.2026-02-16&data=lte.2026-09-15 | Mozilla/5.0 (Linux; Android 10; K) AppleWebKit/537.36 (KHTML, like Gecko) Chrome/151.0.0.0 Mobile Safari/537.36",{},[],edge,0,null,[],null
54e4137f-58ec-4cd2-93df-c43e23a97baf,"""2026-08-19T00:13:27.792Z""",2026-08-19T00:13:27.792000,success,200,OPTIONS,,/rest/v1/impostazioni,"OPTIONS | 200 | https://ougxeheoaifcuetnmgrw.supabase.co/rest/v1/impostazioni?select=valore&chiave=eq.modalita_tassazione&limit=1 | Mozilla/5.0 (Linux; Android 10; K) AppleWebKit/537.36 (KHTML, like Gecko) Chrome/151.0.0.0 Mobile Safari/537.36",{},[],edge,0,null,[],null
8e0e3724-79d5-4539-955d-d8859031cba0,"""2026-08-19T00:13:27.791Z""",2026-08-19T00:13:27.791000,success,200,OPTIONS,,/rest/v1/impostazioni,"OPTIONS | 200 | https://ougxeheoaifcuetnmgrw.supabase.co/rest/v1/impostazioni?select=valore&chiave=eq.modalita_svincolati&limit=1 | Mozilla/5.0 (Linux; Android 10; K) AppleWebKit/537.36 (KHTML, like Gecko) Chrome/151.0.0.0 Mobile Safari/537.36",{},[],edge,0,null,[],null
ba98b495-5534-4c08-97ff-b7ab8028fe6b,"""2026-08-19T00:13:27.790Z""",2026-08-19T00:13:27.790000,success,200,OPTIONS,,/rest/v1/impostazioni,"OPTIONS | 200 | https://ougxeheoaifcuetnmgrw.supabase.co/rest/v1/impostazioni?select=valore&chiave=eq.stagione_label&limit=1 | Mozilla/5.0 (Linux; Android 10; K) AppleWebKit/537.36 (KHTML, like Gecko) Chrome/151.0.0.0 Mobile Safari/537.36",{},[],edge,0,null,[],null
bd331c5e-6c6c-4bbc-89a9-0d4f98df98b8,"""2026-08-19T00:13:27.719Z""",2026-08-19T00:13:27.719000,success,200,OPTIONS,,/rest/v1/impostazioni,"OPTIONS | 200 | https://ougxeheoaifcuetnmgrw.supabase.co/rest/v1/impostazioni?select=valore&chiave=eq.rivalita_bloccata&limit=1 | Mozilla/5.0 (Linux; Android 10; K) AppleWebKit/537.36 (KHTML, like Gecko) Chrome/151.0.0.0 Mobile Safari/537.36",{},[],edge,0,null,[],null
0eac9053-f8f4-4976-a9d1-c3fcfe3f45ce,"""2026-08-19T00:13:27.714Z""",2026-08-19T00:13:27.714000,success,200,OPTIONS,,/rest/v1/impostazioni,"OPTIONS | 200 | https://ougxeheoaifcuetnmgrw.supabase.co/rest/v1/impostazioni?select=valore&chiave=eq.mercato_override&limit=1 | Mozilla/5.0 (Linux; Android 10; K) AppleWebKit/537.36 (KHTML, like Gecko) Chrome/151.0.0.0 Mobile Safari/537.36",{},[],edge,0,null,[],null
85a71f0a-7afb-4c31-a1a7-fdddb4830b47,"""2026-08-19T00:13:27.661Z""",2026-08-19T00:13:27.661000,success,200,OPTIONS,,/rest/v1/squadre,"OPTIONS | 200 | https://ougxeheoaifcuetnmgrw.supabase.co/rest/v1/squadre?select=*&order=name.asc | Mozilla/5.0 (Linux; Android 10; K) AppleWebKit/537.36 (KHTML, like Gecko) Chrome/151.0.0.0 Mobile Safari/537.36",{},[],edge,0,null,[],null
f1a6fad7-eda4-455f-9392-f8c3ef996706,"""2026-08-19T00:13:27.658Z""",2026-08-19T00:13:27.658000,success,200,OPTIONS,,/rest/v1/squadre,"OPTIONS | 200 | https://ougxeheoaifcuetnmgrw.supabase.co/rest/v1/squadre?select=* | Mozilla/5.0 (Linux; Android 10; K) AppleWebKit/537.36 (KHTML, like Gecko) Chrome/151.0.0.0 Mobile Safari/537.36",{},[],edge,0,null,[],null
6a09cada-66a2-44e3-949d-b6fd1844b0fa,"""2026-08-19T00:13:27.629Z""",2026-08-19T00:13:27.629000,success,200,OPTIONS,,/rest/v1/profiles,"OPTIONS | 200 | https://ougxeheoaifcuetnmgrw.supabase.co/rest/v1/profiles?select=*&id=eq.a7918e7b-c7c8-485e-bb52-b6eada062bff | Mozilla/5.0 (Linux; Android 10; K) AppleWebKit/537.36 (KHTML, like Gecko) Chrome/151.0.0.0 Mobile Safari/537.36",{},[],edge,0,null,[],null
5e221c06-6beb-4978-ba07-5853af1069cd,"""2026-08-19T00:13:27.628Z""",2026-08-19T00:13:27.628000,success,200,OPTIONS,,/rest/v1/club_identity,"OPTIONS | 200 | https://ougxeheoaifcuetnmgrw.supabase.co/rest/v1/club_identity?select=squadra%2Cstemma_url%2Cstemma_thumb_url%2Cmaglia_casa_url%2Cmaglia_trasferta_url%2Cmaglia_terza_url | Mozilla/5.0 (Linux; Android 10; K) AppleWebKit/537.36 (KHTML, like Gecko) Chrome/151.0.0.0 Mobile Safari/537.36",{},[],edge,0,null,[],null
b6e64e61-49d6-4710-9cad-d318d593d68d,"""2026-08-19T00:13:27.627Z""",2026-08-19T00:13:27.627000,success,200,OPTIONS,,/rest/v1/impostazioni,"OPTIONS | 200 | https://ougxeheoaifcuetnmgrw.supabase.co/rest/v1/impostazioni?select=valore&chiave=eq.modalita_tassazione&limit=1 | Mozilla/5.0 (Linux; Android 10; K) AppleWebKit/537.36 (KHTML, like Gecko) Chrome/151.0.0.0 Mobile Safari/537.36",{},[],edge,0,null,[],null
257fa433-6c63-481e-a541-3d6236e55716,"""2026-08-19T00:13:27.626Z""",2026-08-19T00:13:27.626000,success,200,OPTIONS,,/rest/v1/impostazioni,"OPTIONS | 200 | https://ougxeheoaifcuetnmgrw.supabase.co/rest/v1/impostazioni?select=valore&chiave=eq.modalita_svincolati&limit=1 | Mozilla/5.0 (Linux; Android 10; K) AppleWebKit/537.36 (KHTML, like Gecko) Chrome/151.0.0.0 Mobile Safari/537.36",{},[],edge,0,null,[],null
be8e65d9-4c43-457f-87c3-52d13dc21b65,"""2026-08-19T00:13:27.626Z""",2026-08-19T00:13:27.626000,success,200,OPTIONS,,/rest/v1/movimenti,"OPTIONS | 200 | https://ougxeheoaifcuetnmgrw.supabase.co/rest/v1/movimenti?select=squadra%2Cdescrizione%2Centrata%2Cuscita%2Cdata&data=gte.2026-02-16&data=lte.2026-09-15 | Mozilla/5.0 (Linux; Android 10; K) AppleWebKit/537.36 (KHTML, like Gecko) Chrome/151.0.0.0 Mobile Safari/537.36",{},[],edge,0,null,[],null
5e2a6cca-e4a2-494f-b671-d027cbe506a7,"""2026-08-19T00:13:27.625Z""",2026-08-19T00:13:27.625000,success,200,OPTIONS,,/rest/v1/impostazioni,"OPTIONS | 200 | https://ougxeheoaifcuetnmgrw.supabase.co/rest/v1/impostazioni?select=valore&chiave=eq.stagione_label&limit=1 | Mozilla/5.0 (Linux; Android 10; K) AppleWebKit/537.36 (KHTML, like Gecko) Chrome/151.0.0.0 Mobile Safari/537.36",{},[],edge,0,null,[],null
0584fffc-1a85-4d2b-8e27-d7c7888f1a62,"""2026-08-19T00:13:27.624Z""",2026-08-19T00:13:27.624000,success,200,OPTIONS,,/rest/v1/impostazioni,"OPTIONS | 200 | https://ougxeheoaifcuetnmgrw.supabase.co/rest/v1/impostazioni?select=valore&chiave=eq.rivalita_bloccata&limit=1 | Mozilla/5.0 (Linux; Android 10; K) AppleWebKit/537.36 (KHTML, like Gecko) Chrome/151.0.0.0 Mobile Safari/537.36",{},[],edge,0,null,[],null
fc0e4bc2-3d63-4f7c-b5b2-52c7e1bbd4b2,"""2026-08-19T00:13:27.623Z""",2026-08-19T00:13:27.623000,success,200,OPTIONS,,/rest/v1/impostazioni,"OPTIONS | 200 | https://ougxeheoaifcuetnmgrw.supabase.co/rest/v1/impostazioni?select=valore&chiave=eq.mercato_override&limit=1 | Mozilla/5.0 (Linux; Android 10; K) AppleWebKit/537.36 (KHTML, like Gecko) Chrome/151.0.0.0 Mobile Safari/537.36",{},[],edge,0,null,[],null
946921d9-bdfc-4135-8d14-2a5030c76854,"""2026-08-19T00:13:27.622Z""",2026-08-19T00:13:27.622000,success,200,OPTIONS,,/rest/v1/squadre,"OPTIONS | 200 | https://ougxeheoaifcuetnmgrw.supabase.co/rest/v1/squadre?select=*&order=name.asc | Mozilla/5.0 (Linux; Android 10; K) AppleWebKit/537.36 (KHTML, like Gecko) Chrome/151.0.0.0 Mobile Safari/537.36",{},[],edge,0,null,[],null
32ac5ed7-6f89-4cea-a787-5d7851e6194d,"""2026-08-19T00:13:27.619Z""",2026-08-19T00:13:27.619000,success,200,OPTIONS,,/rest/v1/squadre,"OPTIONS | 200 | https://ougxeheoaifcuetnmgrw.supabase.co/rest/v1/squadre?select=* | Mozilla/5.0 (Linux; Android 10; K) AppleWebKit/537.36 (KHTML, like Gecko) Chrome/151.0.0.0 Mobile Safari/537.36",{},[],edge,0,null,[],null
e8fcf86a-5efa-4de3-847c-cdaa9ec42ffd,"""2026-08-19T00:13:27.617Z""",2026-08-19T00:13:27.617000,success,200,OPTIONS,,/rest/v1/profiles,"OPTIONS | 200 | https://ougxeheoaifcuetnmgrw.supabase.co/rest/v1/profiles?select=*&id=eq.a7918e7b-c7c8-485e-bb52-b6eada062bff | Mozilla/5.0 (Linux; Android 10; K) AppleWebKit/537.36 (KHTML, like Gecko) Chrome/151.0.0.0 Mobile Safari/537.36",{},[],edge,0,null,[],null
24888c2a-bb1b-41cf-addd-62e99d6675bf,"""2026-08-19T00:13:27.527Z""",2026-08-19T00:13:27.527000,success,200,OPTIONS,,/rest/v1/club_identity,"OPTIONS | 200 | https://ougxeheoaifcuetnmgrw.supabase.co/rest/v1/club_identity?select=squadra%2Cstemma_url%2Cstemma_thumb_url%2Cmaglia_casa_url%2Cmaglia_trasferta_url%2Cmaglia_terza_url | Mozilla/5.0 (Linux; Android 10; K) AppleWebKit/537.36 (KHTML, like Gecko) Chrome/151.0.0.0 Mobile Safari/537.36",{},[],edge,0,null,[],null
d5e8dd6e-4283-40e4-9e14-bee6934508fa,"""2026-08-19T00:13:27.521Z""",2026-08-19T00:13:27.521000,success,101,GET,,/realtime/v1/websocket,"GET | 101 | https://ougxeheoaifcuetnmgrw.supabase.co/realtime/v1/websocket?apikey=REDACTED&vsn=2.0.0 | Mozilla/5.0 (Linux; Android 10; K) AppleWebKit/537.36 (KHTML, like Gecko) Chrome/151.0.0.0 Mobile Safari/537.36",{},[],edge,0,null,[],null
c03ae333-00bb-4c6d-8303-d0ca4800eb5e,"""2026-08-19T00:13:27.521Z""",2026-08-19T00:13:27.521000,success,200,OPTIONS,,/rest/v1/squadre,"OPTIONS | 200 | https://ougxeheoaifcuetnmgrw.supabase.co/rest/v1/squadre?select=* | Mozilla/5.0 (Linux; Android 10; K) AppleWebKit/537.36 (KHTML, like Gecko) Chrome/151.0.0.0 Mobile Safari/537.36",{},[],edge,0,null,[],null
fd76fda5-a606-4626-af6b-0ab3d650cf3b,"""2026-08-19T00:13:27.520Z""",2026-08-19T00:13:27.520000,success,200,OPTIONS,,/rest/v1/impostazioni,"OPTIONS | 200 | https://ougxeheoaifcuetnmgrw.supabase.co/rest/v1/impostazioni?select=valore&chiave=eq.modalita_tassazione&limit=1 | Mozilla/5.0 (Linux; Android 10; K) AppleWebKit/537.36 (KHTML, like Gecko) Chrome/151.0.0.0 Mobile Safari/537.36",{},[],edge,0,null,[],null
387167e0-282e-487f-a9f0-6dcb3aeba4a7,"""2026-08-19T00:13:27.520Z""",2026-08-19T00:13:27.520000,success,200,OPTIONS,,/rest/v1/impostazioni,"OPTIONS | 200 | https://ougxeheoaifcuetnmgrw.supabase.co/rest/v1/impostazioni?select=valore&chiave=eq.modalita_svincolati&limit=1 | Mozilla/5.0 (Linux; Android 10; K) AppleWebKit/537.36 (KHTML, like Gecko) Chrome/151.0.0.0 Mobile Safari/537.36",{},[],edge,0,null,[],null
12e68c45-7572-4f81-bf0a-d491d0b37ea7,"""2026-08-19T00:13:27.519Z""",2026-08-19T00:13:27.519000,success,200,OPTIONS,,/rest/v1/impostazioni,"OPTIONS | 200 | https://ougxeheoaifcuetnmgrw.supabase.co/rest/v1/impostazioni?select=valore&chiave=eq.stagione_label&limit=1 | Mozilla/5.0 (Linux; Android 10; K) AppleWebKit/537.36 (KHTML, like Gecko) Chrome/151.0.0.0 Mobile Safari/537.36",{},[],edge,0,null,[],null
cd2f61da-3823-4984-9a05-e10e8e1c7c2e,"""2026-08-19T00:13:27.519Z""",2026-08-19T00:13:27.519000,success,200,OPTIONS,,/rest/v1/impostazioni,"OPTIONS | 200 | https://ougxeheoaifcuetnmgrw.supabase.co/rest/v1/impostazioni?select=valore&chiave=eq.mercato_override&limit=1 | Mozilla/5.0 (Linux; Android 10; K) AppleWebKit/537.36 (KHTML, like Gecko) Chrome/151.0.0.0 Mobile Safari/537.36",{},[],edge,0,null,[],null
25f6e02b-59aa-4099-9857-eae27043fffb,"""2026-08-19T00:13:27.519Z""",2026-08-19T00:13:27.519000,success,200,OPTIONS,,/rest/v1/movimenti,"OPTIONS | 200 | https://ougxeheoaifcuetnmgrw.supabase.co/rest/v1/movimenti?select=squadra%2Cdescrizione%2Centrata%2Cuscita%2Cdata&data=gte.2026-02-16&data=lte.2026-09-15 | Mozilla/5.0 (Linux; Android 10; K) AppleWebKit/537.36 (KHTML, like Gecko) Chrome/151.0.0.0 Mobile Safari/537.36",{},[],edge,0,null,[],null
9a31c7ba-0bc4-49b0-828d-0ad2b5cfdf8f,"""2026-08-19T00:13:27.518Z""",2026-08-19T00:13:27.518000,success,200,OPTIONS,,/rest/v1/impostazioni,"OPTIONS | 200 | https://ougxeheoaifcuetnmgrw.supabase.co/rest/v1/impostazioni?select=valore&chiave=eq.rivalita_bloccata&limit=1 | Mozilla/5.0 (Linux; Android 10; K) AppleWebKit/537.36 (KHTML, like Gecko) Chrome/151.0.0.0 Mobile Safari/537.36",{},[],edge,0,null,[],null
11786461-cf2d-4368-b3a8-d6b7f1d737df,"""2026-08-19T00:13:27.517Z""",2026-08-19T00:13:27.517000,success,200,OPTIONS,,/rest/v1/squadre,"OPTIONS | 200 | https://ougxeheoaifcuetnmgrw.supabase.co/rest/v1/squadre?select=*&order=name.asc | Mozilla/5.0 (Linux; Android 10; K) AppleWebKit/537.36 (KHTML, like Gecko) Chrome/151.0.0.0 Mobile Safari/537.36",{},[],edge,0,null,[],null
98dd31ac-5833-4245-b390-9162644f3262,"""2026-08-19T00:13:27.517Z""",2026-08-19T00:13:27.517000,success,200,OPTIONS,,/rest/v1/profiles,"OPTIONS | 200 | https://ougxeheoaifcuetnmgrw.supabase.co/rest/v1/profiles?select=*&id=eq.a7918e7b-c7c8-485e-bb52-b6eada062bff | Mozilla/5.0 (Linux; Android 10; K) AppleWebKit/537.36 (KHTML, like Gecko) Chrome/151.0.0.0 Mobile Safari/537.36",{},[],edge,0,null,[],null
2d1a40dd-e00c-4d0c-bd1e-f4e190e99733,"""2026-08-19T00:13:15.870Z""",2026-08-19T00:13:15.870000,success,200,,,,Realtime.Tenants.Connect.GetTenant executed in 0 ms,{},[],realtime,0,null,[],null
287e694e-4be5-4be0-b3e9-0b563e42ff18,"""2026-08-19T00:13:11.854Z""",2026-08-19T00:13:11.854000,error,200,,,,InitializingProjectConnection: Realtime is initializing the project connection,{},[],realtime,0,null,[],null
9cd29951-1372-4d50-b83e-dc64a7f44e18,"""2026-08-19T00:13:11.852Z""",2026-08-19T00:13:11.852000,error,200,,,,"UnableToConnectToTenantDatabase: %DBConnection.ConnectionError{
  message: ""[Elixir.Realtime.Tenants.Connect.DynamicSupervisor] connection not available and request was dropped from queue after 12000ms. This means requests are coming in and your connection pool cannot serve them fast enough. You can address this by:\n\n  1. Ensuring your database is available and that you can connect to it\n  2. Tracking down slow queries and making sure they are running fast enough\n  3. Increasing the pool_size (although this increases resource consumption)\n  4. Allowing requests to wait longer by increasing :queue_target and :queue_interval\n\nSee DBConnection.start_link/2 for more information\n"",
  severity: :error,
  reason: :queue_timeout
}",{},[],realtime,0,null,[],null
12d0804c-0582-4246-a44a-11eb917966cd,"""2026-08-19T00:13:11.852Z""",2026-08-19T00:13:11.852000,error,200,,,,"UnableToConnectToTenantDatabase: %DBConnection.ConnectionError{
  message: ""[Elixir.Realtime.Tenants.Connect.DynamicSupervisor] connection not available and request was dropped from queue after 12000ms. This means requests are coming in and your connection pool cannot serve them fast enough. You can address this by:\n\n  1. Ensuring your database is available and that you can connect to it\n  2. Tracking down slow queries and making sure they are running fast enough\n  3. Increasing the pool_size (although this increases resource consumption)\n  4. Allowing requests to wait longer by increasing :queue_target and :queue_interval\n\nSee DBConnection.start_link/2 for more information\n"",
  severity: :error,
  reason: :queue_timeout
}",{},[],realtime,0,null,[],null
1cfb88f5-59fb-4549-92a8-5a12277ac83c,"""2026-08-19T00:13:11.852Z""",2026-08-19T00:13:11.852000,success,200,,,,Tenant ougxeheoaifcuetnmgrw has been terminated: :shutdown,{},[],realtime,0,null,[],null
adf7a8e1-9aa6-48af-89a1-497c728a322e,"""2026-08-19T00:13:11.852Z""",2026-08-19T00:13:11.852000,error,200,,,,Realtime.Tenants.Connect.CheckConnection failed in 15002 ms,{},[],realtime,0,null,[],null
088a921f-3129-4bda-a688-d00c25e0c2bd,"""2026-08-19T00:12:58.145Z""",2026-08-19T00:12:58.145000,success,200,OPTIONS,,/rest/v1/investimenti,"OPTIONS | 200 | https://ougxeheoaifcuetnmgrw.supabase.co/rest/v1/investimenti?select=squadra&nome=eq.SuperClub&attivo=eq.true&stagione=eq.2026-27 | Mozilla/5.0 (Linux; Android 10; K) AppleWebKit/537.36 (KHTML, like Gecko) Chrome/151.0.0.0 Mobile Safari/537.36",{},[],edge,0,null,[],null
96b40848-50c8-4775-a354-6204a4678a36,"""2026-08-19T00:12:58.144Z""",2026-08-19T00:12:58.144000,success,200,OPTIONS,,/rest/v1/allenatori_carte,"OPTIONS | 200 | https://ougxeheoaifcuetnmgrw.supabase.co/rest/v1/allenatori_carte?select=*&stagione=eq.2026-27&order=nome.asc | Mozilla/5.0 (Linux; Android 10; K) AppleWebKit/537.36 (KHTML, like Gecko) Chrome/151.0.0.0 Mobile Safari/537.36",{},[],edge,0,null,[],null
62d6d245-aadf-47b6-9d45-51e6b91baa14,"""2026-08-19T00:12:58.144Z""",2026-08-19T00:12:58.144000,success,200,OPTIONS,,/rest/v1/rosa,"OPTIONS | 200 | https://ougxeheoaifcuetnmgrw.supabase.co/rest/v1/rosa?select=squadra%2Cquot%2Canni_contratto%2Canni%2Cin_vivaio | Mozilla/5.0 (Linux; Android 10; K) AppleWebKit/537.36 (KHTML, like Gecko) Chrome/151.0.0.0 Mobile Safari/537.36",{},[],edge,0,null,[],null
eb1979e1-a014-4920-b262-82082a64c3c6,"""2026-08-19T00:12:58.141Z""",2026-08-19T00:12:58.141000,success,200,OPTIONS,,/rest/v1/notifiche_app,"OPTIONS | 200 | https://ougxeheoaifcuetnmgrw.supabase.co/rest/v1/notifiche_app?select=*&or=%28squadra_destinataria.eq.Alcool+Campi%2Csquadra_destinataria.is.null%29&order=created_at.desc&limit=30 | Mozilla/5.0 (Linux; Android 10; K) AppleWebKit/537.36 (KHTML, like Gecko) Chrome/151.0.0.0 Mobile Safari/537.36",{},[],edge,0,null,[],null
25eb20d7-bab4-4066-9249-e446552a7796,"""2026-08-19T00:12:58.141Z""",2026-08-19T00:12:58.141000,success,200,OPTIONS,,/rest/v1/classifica,"OPTIONS | 200 | https://ougxeheoaifcuetnmgrw.supabase.co/rest/v1/classifica?select=*&order=pt.desc | Mozilla/5.0 (Linux; Android 10; K) AppleWebKit/537.36 (KHTML, like Gecko) Chrome/151.0.0.0 Mobile Safari/537.36",{},[],edge,0,null,[],null
c82bc3d5-e3d1-4a55-9549-0f507755012d,"""2026-08-19T00:12:58.139Z""",2026-08-19T00:12:58.139000,success,200,OPTIONS,,/rest/v1/rosa,"OPTIONS | 200 | https://ougxeheoaifcuetnmgrw.supabase.co/rest/v1/rosa?select=*&in_vivaio=eq.true&squadra=eq.Alcool+Campi | Mozilla/5.0 (Linux; Android 10; K) AppleWebKit/537.36 (KHTML, like Gecko) Chrome/151.0.0.0 Mobile Safari/537.36",{},[],edge,0,null,[],null
d5ad5e4d-0ccf-4b65-b67f-000ffb1a4894,"""2026-08-19T00:12:56.850Z""",2026-08-19T00:12:56.850000,success,200,,,,Realtime.Tenants.Connect.GetTenant executed in 0 ms,{},[],realtime,0,null,[],null
3c2d92ed-20cf-4934-b97e-4c9c0ef92e99,"""2026-08-19T00:12:52.843Z""",2026-08-19T00:12:52.843000,error,200,,,,Realtime.Tenants.Connect.CheckConnection failed in 15003 ms,{},[],realtime,0,null,[],null
15c8a18e-e3d1-40c2-a959-148423c98c22,"""2026-08-19T00:12:52.843Z""",2026-08-19T00:12:52.843000,error,200,,,,InitializingProjectConnection: Realtime is initializing the project connection,{},[],realtime,0,null,[],null
5b7db76c-78cd-4151-96ef-7ec47a3c3c9b,"""2026-08-19T00:12:52.843Z""",2026-08-19T00:12:52.843000,error,200,,,,"UnableToConnectToTenantDatabase: %DBConnection.ConnectionError{
  message: ""[Elixir.Realtime.Tenants.Connect.DynamicSupervisor] connection not available and request was dropped from queue after 12000ms. This means requests are coming in and your connection pool cannot serve them fast enough. You can address this by:\n\n  1. Ensuring your database is available and that you can connect to it\n  2. Tracking down slow queries and making sure they are running fast enough\n  3. Increasing the pool_size (although this increases resource consumption)\n  4. Allowing requests to wait longer by increasing :queue_target and :queue_interval\n\nSee DBConnection.start_link/2 for more information\n"",
  severity: :error,
  reason: :queue_timeout
}",{},[],realtime,0,null,[],null
78b53223-4633-4ef9-8afc-f9e34c00a9cc,"""2026-08-19T00:12:52.843Z""",2026-08-19T00:12:52.843000,success,200,,,,Tenant ougxeheoaifcuetnmgrw has been terminated: :shutdown,{},[],realtime,0,null,[],null
2a8d1e59-0c12-4c05-8986-0a4da55c89ed,"""2026-08-19T00:12:52.843Z""",2026-08-19T00:12:52.843000,error,200,,,,"UnableToConnectToTenantDatabase: %DBConnection.ConnectionError{
  message: ""[Elixir.Realtime.Tenants.Connect.DynamicSupervisor] connection not available and request was dropped from queue after 12000ms. This means requests are coming in and your connection pool cannot serve them fast enough. You can address this by:\n\n  1. Ensuring your database is available and that you can connect to it\n  2. Tracking down slow queries and making sure they are running fast enough\n  3. Increasing the pool_size (although this increases resource consumption)\n  4. Allowing requests to wait longer by increasing :queue_target and :queue_interval\n\nSee DBConnection.start_link/2 for more information\n"",
  severity: :error,
  reason: :queue_timeout
}",{},[],realtime,0,null,[],null
47c76473-2dc3-4de9-acd9-c74acbcb64d0,"""2026-08-19T00:12:52.432Z""",2026-08-19T00:12:52.432000,success,200,OPTIONS,,/rest/v1/tasse_settimanali,"OPTIONS | 200 | https://ougxeheoaifcuetnmgrw.supabase.co/rest/v1/tasse_settimanali?select=*&squadra=eq.Finocchiona+AC&order=data_controllo.desc | Mozilla/5.0 (Linux; Android 10; K) AppleWebKit/537.36 (KHTML, like Gecko) Chrome/151.0.0.0 Mobile Safari/537.36",{},[],edge,0,null,[],null
89657125-28a7-4f95-a921-950e749c5e04,"""2026-08-19T00:12:52.431Z""",2026-08-19T00:12:52.431000,success,200,OPTIONS,,/rest/v1/movimenti,"OPTIONS | 200 | https://ougxeheoaifcuetnmgrw.supabase.co/rest/v1/movimenti?select=*&squadra=eq.Finocchiona+AC&data=gte.2026-08-01&order=data.desc%2Ccreated_at.desc | Mozilla/5.0 (Linux; Android 10; K) AppleWebKit/537.36 (KHTML, like Gecko) Chrome/151.0.0.0 Mobile Safari/537.36",{},[],edge,0,null,[],null
197696d8-f7b7-4b55-804f-831a14e7d27f,"""2026-08-19T00:12:52.431Z""",2026-08-19T00:12:52.431000,success,200,OPTIONS,,/rest/v1/fair_spending,"OPTIONS | 200 | https://ougxeheoaifcuetnmgrw.supabase.co/rest/v1/fair_spending?select=*&squadra=eq.Finocchiona+AC&order=created_at.desc | Mozilla/5.0 (Linux; Android 10; K) AppleWebKit/537.36 (KHTML, like Gecko) Chrome/151.0.0.0 Mobile Safari/537.36",{},[],edge,0,null,[],null
d7cd340d-70a3-48f6-b6a6-40a9306dd02e,"""2026-08-19T00:12:52.430Z""",2026-08-19T00:12:52.430000,success,200,OPTIONS,,/rest/v1/movimenti,"OPTIONS | 200 | https://ougxeheoaifcuetnmgrw.supabase.co/rest/v1/movimenti?select=id%2Cdata%2Cdescrizione%2Centrata%2Cuscita&squadra=eq.Finocchiona+AC&data=gte.2026-02-16&data=lte.2026-09-15&order=data.desc | Mozilla/5.0 (Linux; Android 10; K) AppleWebKit/537.36 (KHTML, like Gecko) Chrome/151.0.0.0 Mobile Safari/537.36",{},[],edge,0,null,[],null
554cd78d-d063-4255-ab6a-06d9de58eaf2,"""2026-08-19T00:12:52.427Z""",2026-08-19T00:12:52.427000,success,200,OPTIONS,,/rest/v1/movimenti,"OPTIONS | 200 | https://ougxeheoaifcuetnmgrw.supabase.co/rest/v1/movimenti?select=*&squadra=eq.Finocchiona+AC&data=gte.2026-06-01&order=data.desc%2Ccreated_at.desc | Mozilla/5.0 (Linux; Android 10; K) AppleWebKit/537.36 (KHTML, like Gecko) Chrome/151.0.0.0 Mobile Safari/537.36",{},[],edge,0,null,[],null
1a99ba30-6b81-4095-a0d5-75ce1f7fdb0a,"""2026-08-19T00:12:38.010Z""",2026-08-19T00:12:38.010000,success,200,OPTIONS,,/rest/v1/movimenti,"OPTIONS | 200 | https://ougxeheoaifcuetnmgrw.supabase.co/rest/v1/movimenti?select=*&squadra=eq.Finocchiona+AC&order=data.desc%2Ccreated_at.desc | Mozilla/5.0 (Linux; Android 10; K) AppleWebKit/537.36 (KHTML, like Gecko) Chrome/151.0.0.0 Mobile Safari/537.36",{},[],edge,0,null,[],null
3eb3ed13-9efc-4c24-bdfc-fbf1a56aad15,"""2026-08-19T00:12:38.009Z""",2026-08-19T00:12:38.009000,success,200,OPTIONS,,/rest/v1/club_identity,"OPTIONS | 200 | https://ougxeheoaifcuetnmgrw.supabase.co/rest/v1/club_identity?select=*&squadra=eq.Finocchiona+AC&limit=1 | Mozilla/5.0 (Linux; Android 10; K) AppleWebKit/537.36 (KHTML, like Gecko) Chrome/151.0.0.0 Mobile Safari/537.36",{},[],edge,0,null,[],null
a82cb426-f1f9-4ba6-9c83-e8b63a3e7e13,"""2026-08-19T00:12:38.008Z""",2026-08-19T00:12:38.008000,success,200,OPTIONS,,/rest/v1/allenatori_carte,"OPTIONS | 200 | https://ougxeheoaifcuetnmgrw.supabase.co/rest/v1/allenatori_carte?select=stipendio_sc&squadra=eq.Finocchiona+AC&limit=1 | Mozilla/5.0 (Linux; Android 10; K) AppleWebKit/537.36 (KHTML, like Gecko) Chrome/151.0.0.0 Mobile Safari/537.36",{},[],edge,0,null,[],null
a542477c-e244-4aa9-8d87-9adf5ff11bcc,"""2026-08-19T00:12:38.008Z""",2026-08-19T00:12:38.008000,success,200,OPTIONS,,/rest/v1/investimenti,"OPTIONS | 200 | https://ougxeheoaifcuetnmgrw.supabase.co/rest/v1/investimenti?select=*&squadra=eq.Finocchiona+AC&nome=eq.Deroga+U-21&attivo=eq.true&stagione=eq.2026-27 | Mozilla/5.0 (Linux; Android 10; K) AppleWebKit/537.36 (KHTML, like Gecko) Chrome/151.0.0.0 Mobile Safari/537.36",{},[],edge,0,null,[],null
c234165d-f52e-434d-80c1-0c96eb0dac30,"""2026-08-19T00:12:38.008Z""",2026-08-19T00:12:38.008000,success,200,OPTIONS,,/rest/v1/allenatori_carte,"OPTIONS | 200 | https://ougxeheoaifcuetnmgrw.supabase.co/rest/v1/allenatori_carte?select=*&squadra=eq.Finocchiona+AC&stagione=eq.2026-27&limit=1 | Mozilla/5.0 (Linux; Android 10; K) AppleWebKit/537.36 (KHTML, like Gecko) Chrome/151.0.0.0 Mobile Safari/537.36",{},[],edge,0,null,[],null
c924f886-38d1-48d5-a58d-65bb334c0085,"""2026-08-19T00:12:38.007Z""",2026-08-19T00:12:38.007000,success,200,OPTIONS,,/rest/v1/obiettivi,"OPTIONS | 200 | https://ougxeheoaifcuetnmgrw.supabase.co/rest/v1/obiettivi?select=*&squadra=eq.Finocchiona+AC&order=ordine.asc | Mozilla/5.0 (Linux; Android 10; K) AppleWebKit/537.36 (KHTML, like Gecko) Chrome/151.0.0.0 Mobile Safari/537.36",{},[],edge,0,null,[],null
23b8f359-90ba-40d7-9b81-19bf15ded060,"""2026-08-19T00:12:38.007Z""",2026-08-19T00:12:38.007000,success,200,OPTIONS,,/rest/v1/investimenti,"OPTIONS | 200 | https://ougxeheoaifcuetnmgrw.supabase.co/rest/v1/investimenti?select=stagione&squadra=eq.Finocchiona+AC&nome=eq.Settore+Giovanile+Avanzato&attivo=eq.true | Mozilla/5.0 (Linux; Android 10; K) AppleWebKit/537.36 (KHTML, like Gecko) Chrome/151.0.0.0 Mobile Safari/537.36",{},[],edge,0,null,[],null
3911f728-8e11-4f35-bec3-09b097dcec7f,"""2026-08-19T00:12:38.006Z""",2026-08-19T00:12:38.006000,success,200,OPTIONS,,/rest/v1/investimenti,"OPTIONS | 200 | https://ougxeheoaifcuetnmgrw.supabase.co/rest/v1/investimenti?select=*&squadra=eq.Finocchiona+AC&nome=eq.Clausola+Segreta&attivo=eq.true&stagione=eq.2026-27 | Mozilla/5.0 (Linux; Android 10; K) AppleWebKit/537.36 (KHTML, like Gecko) Chrome/151.0.0.0 Mobile Safari/537.36",{},[],edge,0,null,[],null
55845a80-4249-4b3f-90b0-dfd82d8fb658,"""2026-08-19T00:12:38.006Z""",2026-08-19T00:12:38.006000,success,200,OPTIONS,,/rest/v1/rosa,"OPTIONS | 200 | https://ougxeheoaifcuetnmgrw.supabase.co/rest/v1/rosa?select=*&in_vivaio=eq.true&squadra=eq.Finocchiona+AC | Mozilla/5.0 (Linux; Android 10; K) AppleWebKit/537.36 (KHTML, like Gecko) Chrome/151.0.0.0 Mobile Safari/537.36",{},[],edge,0,null,[],null
e4bf11bb-fd83-48dd-855b-06730eb5b595,"""2026-08-19T00:12:38.006Z""",2026-08-19T00:12:38.006000,success,200,OPTIONS,,/rest/v1/allenatori_carte,"OPTIONS | 200 | https://ougxeheoaifcuetnmgrw.supabase.co/rest/v1/allenatori_carte?select=stipendio_sc&squadra=eq.Finocchiona+AC&limit=1 | Mozilla/5.0 (Linux; Android 10; K) AppleWebKit/537.36 (KHTML, like Gecko) Chrome/151.0.0.0 Mobile Safari/537.36",{},[],edge,0,null,[],null
f895e7c3-99a5-43ca-9c02-f38ca7b8e330,"""2026-08-19T00:12:38.005Z""",2026-08-19T00:12:38.005000,success,200,OPTIONS,,/rest/v1/rosa,"OPTIONS | 200 | https://ougxeheoaifcuetnmgrw.supabase.co/rest/v1/rosa?select=*&squadra=eq.Finocchiona+AC&anni_contratto=eq.2&in_vivaio=eq.false | Mozilla/5.0 (Linux; Android 10; K) AppleWebKit/537.36 (KHTML, like Gecko) Chrome/151.0.0.0 Mobile Safari/537.36",{},[],edge,0,null,[],null
04efc55a-377a-4cac-ad2b-186ea2071cfd,"""2026-08-19T00:12:38.004Z""",2026-08-19T00:12:38.004000,success,200,OPTIONS,,/rest/v1/investimenti,"OPTIONS | 200 | https://ougxeheoaifcuetnmgrw.supabase.co/rest/v1/investimenti?select=*&squadra=eq.Finocchiona+AC&nome=eq.SuperClub&attivo=eq.true&stagione=eq.2026-27 | Mozilla/5.0 (Linux; Android 10; K) AppleWebKit/537.36 (KHTML, like Gecko) Chrome/151.0.0.0 Mobile Safari/537.36",{},[],edge,0,null,[],null
456d354b-2324-414b-9e96-be4126e12f89,"""2026-08-19T00:12:38.003Z""",2026-08-19T00:12:38.003000,success,200,OPTIONS,,/rest/v1/investimenti,"OPTIONS | 200 | https://ougxeheoaifcuetnmgrw.supabase.co/rest/v1/investimenti?select=*&squadra=eq.Finocchiona+AC&nome=eq.Clausola+Segreta&attivo=eq.true&stagione=eq.2026-27 | Mozilla/5.0 (Linux; Android 10; K) AppleWebKit/537.36 (KHTML, like Gecko) Chrome/151.0.0.0 Mobile Safari/537.36",{},[],edge,0,null,[],null
7acbbfb9-8a06-4a23-87c6-4d4945818d09,"""2026-08-19T00:12:38.002Z""",2026-08-19T00:12:38.002000,success,200,OPTIONS,,/rest/v1/investimenti,"OPTIONS | 200 | https://ougxeheoaifcuetnmgrw.supabase.co/rest/v1/investimenti?select=*&squadra=eq.Finocchiona+AC&nome=eq.Deroga+U-21&attivo=eq.true&stagione=eq.2026-27 | Mozilla/5.0 (Linux; Android 10; K) AppleWebKit/537.36 (KHTML, like Gecko) Chrome/151.0.0.0 Mobile Safari/537.36",{},[],edge,0,null,[],null
13559ccb-6371-4b0b-9ec9-61dd49b86a93,"""2026-08-19T00:12:38.001Z""",2026-08-19T00:12:38.001000,success,200,OPTIONS,,/rest/v1/investimenti,"OPTIONS | 200 | https://ougxeheoaifcuetnmgrw.supabase.co/rest/v1/investimenti?select=*&squadra=eq.Finocchiona+AC&nome=eq.SuperClub&attivo=eq.true&stagione=eq.2026-27 | Mozilla/5.0 (Linux; Android 10; K) AppleWebKit/537.36 (KHTML, like Gecko) Chrome/151.0.0.0 Mobile Safari/537.36",{},[],edge,0,null,[],null
bb2d8a86-2cfd-44df-9aef-cae56a500fa1,"""2026-08-19T00:12:37.950Z""",2026-08-19T00:12:37.950000,success,200,OPTIONS,,/rest/v1/rosa,"OPTIONS | 200 | https://ougxeheoaifcuetnmgrw.supabase.co/rest/v1/rosa?select=*&in_prestito=eq.true&or=%28squadra.eq.Finocchiona+AC%2Csquadra_originale.eq.Finocchiona+AC%29 | Mozilla/5.0 (Linux; Android 10; K) AppleWebKit/537.36 (KHTML, like Gecko) Chrome/151.0.0.0 Mobile Safari/537.36",{},[],edge,0,null,[],null
84392182-4f70-4cda-8412-81259c461f7f,"""2026-08-19T00:12:37.950Z""",2026-08-19T00:12:37.950000,success,200,OPTIONS,,/rest/v1/investimenti,"OPTIONS | 200 | https://ougxeheoaifcuetnmgrw.supabase.co/rest/v1/investimenti?select=stagione&squadra=eq.Finocchiona+AC&nome=eq.Settore+Giovanile+Avanzato&attivo=eq.true | Mozilla/5.0 (Linux; Android 10; K) AppleWebKit/537.36 (KHTML, like Gecko) Chrome/151.0.0.0 Mobile Safari/537.36",{},[],edge,0,null,[],null
550c7432-cc43-4c1f-9f08-43a5f49690b5,"""2026-08-19T00:12:37.949Z""",2026-08-19T00:12:37.949000,success,200,OPTIONS,,/rest/v1/svincoli,"OPTIONS | 200 | https://ougxeheoaifcuetnmgrw.supabase.co/rest/v1/svincoli?select=*&order=data_svincolo.desc&squadra=eq.Finocchiona+AC | Mozilla/5.0 (Linux; Android 10; K) AppleWebKit/537.36 (KHTML, like Gecko) Chrome/151.0.0.0 Mobile Safari/537.36",{},[],edge,0,null,[],null
d233840e-9260-42d8-8d31-b2c372be2621,"""2026-08-19T00:12:37.949Z""",2026-08-19T00:12:37.949000,success,200,OPTIONS,,/rest/v1/svincoli,"OPTIONS | 200 | https://ougxeheoaifcuetnmgrw.supabase.co/rest/v1/svincoli?select=*&squadra=eq.Finocchiona+AC&data_svincolo=gte.2026-06-01&data_svincolo=lte.2027-05-31&order=data_svincolo.asc | Mozilla/5.0 (Linux; Android 10; K) AppleWebKit/537.36 (KHTML, like Gecko) Chrome/151.0.0.0 Mobile Safari/537.36",{},[],edge,0,null,[],null
a08f81bc-e519-4e58-a9fc-a5b34bd8677a,"""2026-08-19T00:12:37.947Z""",2026-08-19T00:12:37.947000,success,200,OPTIONS,,/rest/v1/rosa,"OPTIONS | 200 | https://ougxeheoaifcuetnmgrw.supabase.co/rest/v1/rosa?select=*&in_vivaio=eq.true&squadra=eq.Finocchiona+AC | Mozilla/5.0 (Linux; Android 10; K) AppleWebKit/537.36 (KHTML, like Gecko) Chrome/151.0.0.0 Mobile Safari/537.36",{},[],edge,0,null,[],null
a21da6de-9f13-47c5-9cc7-f4a5afa289ed,"""2026-08-19T00:12:37.947Z""",2026-08-19T00:12:37.947000,success,200,OPTIONS,,/rest/v1/rosa,"OPTIONS | 200 | https://ougxeheoaifcuetnmgrw.supabase.co/rest/v1/rosa?select=*&in_vivaio=eq.true&squadra=eq.Finocchiona+AC | Mozilla/5.0 (Linux; Android 10; K) AppleWebKit/537.36 (KHTML, like Gecko) Chrome/151.0.0.0 Mobile Safari/537.36",{},[],edge,0,null,[],null
f67ae379-3d28-49e0-9f01-55c2993c9f0c,"""2026-08-19T00:12:37.840Z""",2026-08-19T00:12:37.840000,success,200,,,,Realtime.Tenants.Connect.GetTenant executed in 2 ms,{},[],realtime,0,null,[],null
8dc9e9af-45e8-41f6-8e07-4c1c821af74f,"""2026-08-19T00:12:36.210Z""",2026-08-19T00:12:36.210000,success,101,GET,,/realtime/v1/websocket,"GET | 101 | https://ougxeheoaifcuetnmgrw.supabase.co/realtime/v1/websocket?apikey=REDACTED&vsn=2.0.0 | Mozilla/5.0 (Linux; Android 10; K) AppleWebKit/537.36 (KHTML, like Gecko) Chrome/151.0.0.0 Mobile Safari/537.36",{},[],edge,0,null,[],null
1012a169-a033-4345-b60f-e1acc0ec042c,"""2026-08-19T00:05:36.785Z""",2026-08-19T00:05:36.785000,warning,200,,,,Disconnecting broadcast changes handler in the step : :streaming,{},[],realtime,0,null,[],null
8a03eae7-cae1-48f9-8d54-129098801755,"""2026-08-19T00:05:36.785Z""",2026-08-19T00:05:36.785000,success,200,,,,"Tenant has no connected users, database connection will be terminated",{},[],realtime,0,null,[],null
e2e5dd78-ba72-4ade-811b-d360d92ad54e,"""2026-08-19T00:05:36.785Z""",2026-08-19T00:05:36.785000,success,200,,,,Tenant ougxeheoaifcuetnmgrw has been terminated: :shutdown,{},[],realtime,0,null,[],null
da5e203e-4cee-42bb-8022-ff77e7b6efa0,"""2026-08-19T00:02:16.924Z""",2026-08-19T00:02:16.924000,error,524,GET,,/rest/v1/squadre,"GET | 524 | https://ougxeheoaifcuetnmgrw.supabase.co/rest/v1/squadre?select=*&order=name.asc | Mozilla/5.0 (Windows NT 10.0; Win64; x64) AppleWebKit/537.36 (KHTML, like Gecko) Chrome/150.0.0.0 Safari/537.36",{},[],edge,0,null,[],null
d3b9fd35-5c81-48dd-80be-33fe18176e53,"""2026-08-19T00:02:16.837Z""",2026-08-19T00:02:16.837000,success,200,OPTIONS,,/rest/v1/squadre,"OPTIONS | 200 | https://ougxeheoaifcuetnmgrw.supabase.co/rest/v1/squadre?select=*&order=name.asc | Mozilla/5.0 (Windows NT 10.0; Win64; x64) AppleWebKit/537.36 (KHTML, like Gecko) Chrome/150.0.0.0 Safari/537.36",{},[],edge,0,null,[],null
c0549cb8-7031-4e13-81f5-545776f78cea,"""2026-08-18T23:59:58.139Z""",2026-08-18T23:59:58.139000,success,200,,,,"Database pool reconnected, recovery window closed",{},[],realtime,0,null,[],null
39320161-7849-4a71-9f9f-e599d1764639,"""2026-08-18T23:58:59.712Z""",2026-08-18T23:58:59.712000,error,200,,,,"Task #PID<0.171066348.2> started from Realtime.Tenants.Janitor terminating
** (DBConnection.ConnectionError) [Elixir.Realtime.Supervisor] connection not available and request was dropped from queue after 12000ms. This means requests are coming in and your connection pool cannot serve them fast enough. You can address this by:

  1. Ensuring your database is available and that you can connect to it
  2. Tracking down slow queries and making sure they are running fast enough
  3. Increasing the pool_size (although this increases resource consumption)
  4. Allowing requests to wait longer by increasing :queue_target and :queue_interval

See DBConnection.start_link/2 for more information

    (postgrex 0.22.4) lib/postgrex.ex:381: Postgrex.query!/4
    (realtime 2.128.0) lib/realtime/messages.ex:80: Realtime.Messages.delete_old_messages/1
    (realtime 2.128.0) lib/realtime/tenants/janitor/maintenance_task.ex:14: Realtime.Tenants.Janitor.MaintenanceTask.run/1
    (realtime 2.128.0) lib/realtime/tenants/janitor.ex:123: Realtime.Tenants.Janitor.perform_maintenance_task/1
    (elixir 1.19.5) lib/enum.ex:1688: Enum.""-map/2-lists^map/1-1-""/2
    (elixir 1.19.5) lib/enum.ex:1688: Enum.""-map/2-lists^map/1-1-""/2
    (elixir 1.19.5) lib/task/supervised.ex:105: Task.Supervised.invoke_mfa/2
    (elixir 1.19.5) lib/task/supervised.ex:40: Task.Supervised.reply/4
Function: #Function<3.62446968/0 in Realtime.Tenants.Janitor.handle_info/2>
    Args: []",{},[],realtime,0,null,[],null
e53b6ee6-6b36-4890-bd01-74a4b425a00e,"""2026-08-18T23:58:47.562Z""",2026-08-18T23:58:47.562000,success,200,,,,Janitor starting realtime.messages cleanup,{},[],realtime,0,null,[],null
c412e324-1407-4d10-adf6-2ded27de7cb3,"""2026-08-18T23:58:36.771Z""",2026-08-18T23:58:36.771000,success,200,,,,Stop tenant ougxeheoaifcuetnmgrw because of no connected users,{},[],realtime,0,null,[],null
13f4170e-077a-4784-b06f-9a6844fde163,"""2026-08-18T23:58:28.606Z""",2026-08-18T23:58:28.606000,error,200,,,,"PoolingReplicationPreparationError: %DBConnection.ConnectionError{
  message: ""[Elixir.Extensions.PostgresCdcRls.DynamicSupervisor] connection not available and request was dropped from queue after 10813ms. This means requests are coming in and your connection pool cannot serve them fast enough. You can address this by:\n\n  1. Ensuring your database is available and that you can connect to it\n  2. Tracking down slow queries and making sure they are running fast enough\n  3. Increasing the pool_size (although this increases resource consumption)\n  4. Allowing requests to wait longer by increasing :queue_target and :queue_interval\n\nSee DBConnection.start_link/2 for more information\n"",
  severity: :error,
  reason: :queue_timeout
}",{},[],realtime,0,null,[],null
16f7e384-904e-4657-8ef5-0436945aa84d,"""2026-08-18T23:58:14.606Z""",2026-08-18T23:58:14.606000,error,200,,,,"PoolingReplicationPreparationError: %DBConnection.ConnectionError{
  message: ""[Elixir.Extensions.PostgresCdcRls.DynamicSupervisor] connection not available and request was dropped from queue after 12000ms. This means requests are coming in and your connection pool cannot serve them fast enough. You can address this by:\n\n  1. Ensuring your database is available and that you can connect to it\n  2. Tracking down slow queries and making sure they are running fast enough\n  3. Increasing the pool_size (although this increases resource consumption)\n  4. Allowing requests to wait longer by increasing :queue_target and :queue_interval\n\nSee DBConnection.start_link/2 for more information\n"",
  severity: :error,
  reason: :queue_timeout
}",{},[],realtime,0,null,[],null
a1518e4c-2f64-4baf-84c2-8e029a9fe8b3,"""2026-08-18T23:58:07.671Z""",2026-08-18T23:58:07.671000,warning,200,,,,"DatabaseConnectionDown: Database pool connection lost, recovery window opened",{},[],realtime,0,null,[],null
b971ca9b-586a-4f04-8192-7dad3e8ee6f5,"""2026-08-18T23:58:02.606Z""",2026-08-18T23:58:02.606000,error,200,,,,"CheckOidsError: %DBConnection.ConnectionError{
  message: ""[Elixir.Extensions.PostgresCdcRls.DynamicSupervisor] connection not available and request was dropped from queue after 12000ms. This means requests are coming in and your connection pool cannot serve them fast enough. You can address this by:\n\n  1. Ensuring your database is available and that you can connect to it\n  2. Tracking down slow queries and making sure they are running fast enough\n  3. Increasing the pool_size (although this increases resource consumption)\n  4. Allowing requests to wait longer by increasing :queue_target and :queue_interval\n\nSee DBConnection.start_link/2 for more information\n"",
  severity: :error,
  reason: :queue_timeout
}",{},[],realtime,0,null,[],null
c31f247c-4a91-4235-8e64-29fb6dc0bb35,"""2026-08-18T23:57:54.156Z""",2026-08-18T23:57:54.156000,warning,200,,,,"ReplicationSlotLagCheckSkipped: Could not check slot lag: %Postgrex.Error{message: nil, postgres: %{code: :query_canceled, line: ""3425"", message: ""canceling statement due to user request"", file: ""postgres.c"", unknown: ""ERROR"", severity: ""ERROR"", pg_code: ""57014"", routine: ""ProcessInterrupts""}, connection_id: 1535220, query: ""SELECT\n  COALESCE(pg_wal_lsn_diff(pg_current_wal_lsn(), restart_lsn), 0) >\n    (pg_size_bytes(current_setting('max_slot_wal_keep_size')) / 2)\nFROM pg_replication_slots\nWHERE slot_name = $1\n  AND current_setting('max_slot_wal_keep_size') != '-1'\n""}",{},[],realtime,0,null,[],null
fba523b8-bd1e-45b7-bb50-e17663dbc23d,"""2026-08-18T23:57:50.606Z""",2026-08-18T23:57:50.606000,error,200,,,,"PoolingReplicationPreparationError: %DBConnection.ConnectionError{
  message: ""[Elixir.Extensions.PostgresCdcRls.DynamicSupervisor] connection not available and request was dropped from queue after 10309ms. This means requests are coming in and your connection pool cannot serve them fast enough. You can address this by:\n\n  1. Ensuring your database is available and that you can connect to it\n  2. Tracking down slow queries and making sure they are running fast enough\n  3. Increasing the pool_size (although this increases resource consumption)\n  4. Allowing requests to wait longer by increasing :queue_target and :queue_interval\n\nSee DBConnection.start_link/2 for more information\n"",
  severity: :error,
  reason: :queue_timeout
}",{},[],realtime,0,null,[],null
0c6206e1-b0dc-4e5e-86bf-a31220301d2c,"""2026-08-18T23:57:38.606Z""",2026-08-18T23:57:38.606000,error,200,,,,"PoolingReplicationPreparationError: %DBConnection.ConnectionError{
  message: ""[Elixir.Extensions.PostgresCdcRls.DynamicSupervisor] connection not available and request was dropped from queue after 11950ms. This means requests are coming in and your connection pool cannot serve them fast enough. You can address this by:\n\n  1. Ensuring your database is available and that you can connect to it\n  2. Tracking down slow queries and making sure they are running fast enough\n  3. Increasing the pool_size (although this increases resource consumption)\n  4. Allowing requests to wait longer by increasing :queue_target and :queue_interval\n\nSee DBConnection.start_link/2 for more information\n"",
  severity: :error,
  reason: :queue_timeout
}",{},[],realtime,0,null,[],null
970d93ed-ea85-4581-bd40-2538bddfd51d,"""2026-08-18T23:56:48.606Z""",2026-08-18T23:56:48.606000,error,200,,,,"CheckOidsError: %DBConnection.ConnectionError{
  message: ""[Elixir.Extensions.PostgresCdcRls.DynamicSupervisor] connection not available and request was dropped from queue after 10073ms. This means requests are coming in and your connection pool cannot serve them fast enough. You can address this by:\n\n  1. Ensuring your database is available and that you can connect to it\n  2. Tracking down slow queries and making sure they are running fast enough\n  3. Increasing the pool_size (although this increases resource consumption)\n  4. Allowing requests to wait longer by increasing :queue_target and :queue_interval\n\nSee DBConnection.start_link/2 for more information\n"",
  severity: :error,
  reason: :queue_timeout
}",{},[],realtime,0,null,[],null
ef60e5b2-9e04-4eff-8082-66ef73487eb8,"""2026-08-18T23:56:38.533Z""",2026-08-18T23:56:38.533000,error,200,,,,"PoolingReplicationPreparationError: %Postgrex.Error{
  message: nil,
  postgres: %{
    code: :query_canceled,
    line: ""3425"",
    message: ""canceling statement due to user request"",
    file: ""postgres.c"",
    unknown: ""ERROR"",
    severity: ""ERROR"",
    pg_code: ""57014"",
    routine: ""ProcessInterrupts""
  },
  connection_id: 1535384,
  query: nil
}",{},[],realtime,0,null,[],null
37333392-96e1-4590-a133-f38b466ef3d5,"""2026-08-18T23:56:22.325Z""",2026-08-18T23:56:22.325000,error,200,,,,"PoolingReplicationError: %Postgrex.Error{
  message: nil,
  postgres: %{
    code: :query_canceled,
    line: ""3425"",
    message: ""canceling statement due to user request"",
    file: ""postgres.c"",
    unknown: ""ERROR"",
    where: ""SQL function \""quote_wal2json\"" statement 1\nSQL function \""list_changes\"" statement 1"",
    severity: ""ERROR"",
    pg_code: ""57014"",
    routine: ""ProcessInterrupts""
  },
  connection_id: 1535222,
  query: nil
}",{},[],realtime,0,null,[],null
b35d9a77-c70b-44c7-a4e6-c5f1dabef58d,"""2026-08-18T23:56:04.606Z""",2026-08-18T23:56:04.606000,error,200,,,,"CheckOidsError: %DBConnection.ConnectionError{
  message: ""[Elixir.Extensions.PostgresCdcRls.DynamicSupervisor] connection not available and request was dropped from queue after 11801ms. This means requests are coming in and your connection pool cannot serve them fast enough. You can address this by:\n\n  1. Ensuring your database is available and that you can connect to it\n  2. Tracking down slow queries and making sure they are running fast enough\n  3. Increasing the pool_size (although this increases resource consumption)\n  4. Allowing requests to wait longer by increasing :queue_target and :queue_interval\n\nSee DBConnection.start_link/2 for more information\n"",
  severity: :error,
  reason: :queue_timeout
}",{},[],realtime,0,null,[],null
3e61b210-90bf-431e-a14f-c87d3e40a7b0,"""2026-08-18T23:55:27.209Z""",2026-08-18T23:55:27.209000,success,200,OPTIONS,,/auth/v1/token,"OPTIONS | 200 | https://ougxeheoaifcuetnmgrw.supabase.co/auth/v1/token?grant_type=refresh_token | Mozilla/5.0 (Linux; Android 10; K) AppleWebKit/537.36 (KHTML, like Gecko) Chrome/151.0.0.0 Mobile Safari/537.36",{},[],edge,0,null,[],null
80f0c5b9-e514-4420-95fe-6b4b7f597104,"""2026-08-18T23:55:05.469Z""",2026-08-18T23:55:05.469000,success,101,GET,,/realtime/v1/websocket,"GET | 101 | https://ougxeheoaifcuetnmgrw.supabase.co/realtime/v1/websocket?apikey=REDACTED&vsn=2.0.0 | Mozilla/5.0 (Linux; Android 10; K) AppleWebKit/537.36 (KHTML, like Gecko) Chrome/151.0.0.0 Mobile Safari/537.36",{},[],edge,0,null,[],null
7590e721-ea62-4020-9395-ae97db1f8c00,"""2026-08-18T23:54:01.774Z""",2026-08-18T23:54:01.774000,success,200,POST,,,POST | 200 | https://ougxeheoaifcuetnmgrw.supabase.co/functions/v1/cron-check-aste,{},[],edge function,0,null,[],null
7015cf6c-a27b-4aba-b862-940409e0854e,"""2026-08-18T23:54:01.644Z""",2026-08-18T23:54:01.644000,success,200,GET,,/rest/v1/aste_svincolati,GET | 200 | https://ougxeheoaifcuetnmgrw.supabase.co/rest/v1/aste_svincolati?select=*&stato=eq.raccolta_offerte&scadenza=lte.2026-08-18T23%3A54%3A00.979Z&order=scadenza.asc | Deno/2.1.4 (variant; SupabaseEdgeRuntime/1.74.3),{},[],edge,0,null,[],null
d913b0a3-bee5-48b5-a7eb-2d2ff2bd3852,"""2026-08-18T23:54:01.478Z""",2026-08-18T23:54:01.478000,success,200,GET,,/rest/v1/aste_svincolati,GET | 200 | https://ougxeheoaifcuetnmgrw.supabase.co/rest/v1/aste_svincolati?select=id%2Cgiocatore%2Cquot%2Cscadenza%2Cpromemoria_1h_inviato&stato=eq.raccolta_offerte&scadenza=gt.2026-08-18T23%3A54%3A00.979Z&scadenza=lte.2026-08-19T00%3A54%3A00.979Z | Deno/2.1.4 (variant; SupabaseEdgeRuntime/1.74.3),{},[],edge,0,null,[],null
98ceab18-3c70-4e77-aeba-1f0fb32b9bee,"""2026-08-18T23:54:01.002Z""",2026-08-18T23:54:01.002000,success,200,GET,,/rest/v1/chiamate,GET | 200 | https://ougxeheoaifcuetnmgrw.supabase.co/rest/v1/chiamate?select=giocatore%2Cquot%2Cper_vivaio%2Cscadenza_interesse%2Csquadra%2Ctipo&stato=eq.aperta&tipo=eq.prima&scadenza_interesse=lte.2026-08-18T23%3A54%3A00.979Z&order=scadenza_interesse.asc | Deno/2.1.4 (variant; SupabaseEdgeRuntime/1.74.3),{},[],edge,0,null,[],null
67af8bdc-6641-4298-9e80-77822cce30cb,"""2026-08-18T23:53:45.790Z""",2026-08-18T23:53:45.790000,success,200,GET,,/rest/v1/squadre,"GET | 200 | https://ougxeheoaifcuetnmgrw.supabase.co/rest/v1/squadre?select=*&order=name.asc | Mozilla/5.0 (Linux; Android 10; K) AppleWebKit/537.36 (KHTML, like Gecko) Chrome/151.0.0.0 Mobile Safari/537.36",{},[],edge,0,null,[],a7918e7b-c7c8-485e-bb52-b6eada062bff
42aed489-f50e-4af5-a8ee-0e86332b2f83,"""2026-08-18T23:53:44.893Z""",2026-08-18T23:53:44.893000,success,200,GET,,/rest/v1/investimenti,"GET | 200 | https://ougxeheoaifcuetnmgrw.supabase.co/rest/v1/investimenti?select=squadra&nome=eq.SuperClub&attivo=eq.true&stagione=eq.2026-27 | Mozilla/5.0 (Linux; Android 10; K) AppleWebKit/537.36 (KHTML, like Gecko) Chrome/151.0.0.0 Mobile Safari/537.36",{},[],edge,0,null,[],a7918e7b-c7c8-485e-bb52-b6eada062bff
39c98495-b6b4-44df-b618-51c4808d833d,"""2026-08-18T23:53:44.891Z""",2026-08-18T23:53:44.891000,success,200,GET,,/rest/v1/allenatori_carte,"GET | 200 | https://ougxeheoaifcuetnmgrw.supabase.co/rest/v1/allenatori_carte?select=*&stagione=eq.2026-27&order=nome.asc | Mozilla/5.0 (Linux; Android 10; K) AppleWebKit/537.36 (KHTML, like Gecko) Chrome/151.0.0.0 Mobile Safari/537.36",{},[],edge,0,null,[],a7918e7b-c7c8-485e-bb52-b6eada062bff
574cbf1a-532e-4cf1-b547-b90ec1246d85,"""2026-08-18T23:53:44.889Z""",2026-08-18T23:53:44.889000,success,200,GET,,/rest/v1/rosa,"GET | 200 | https://ougxeheoaifcuetnmgrw.supabase.co/rest/v1/rosa?select=squadra%2Cquot%2Canni_contratto%2Canni%2Cin_vivaio | Mozilla/5.0 (Linux; Android 10; K) AppleWebKit/537.36 (KHTML, like Gecko) Chrome/151.0.0.0 Mobile Safari/537.36",{},[],edge,0,null,[],a7918e7b-c7c8-485e-bb52-b6eada062bff
ff394ed6-1172-450b-bd64-e4da7b82c0ad,"""2026-08-18T23:53:44.723Z""",2026-08-18T23:53:44.723000,success,200,GET,,/rest/v1/classifica,"GET | 200 | https://ougxeheoaifcuetnmgrw.supabase.co/rest/v1/classifica?select=*&order=pt.desc | Mozilla/5.0 (Linux; Android 10; K) AppleWebKit/537.36 (KHTML, like Gecko) Chrome/151.0.0.0 Mobile Safari/537.36",{},[],edge,0,null,[],a7918e7b-c7c8-485e-bb52-b6eada062bff
1c15b8cb-e140-4f9c-a01b-5b5339af3a04,"""2026-08-18T23:53:26.217Z""",2026-08-18T23:53:26.217000,success,201,POST,,/rest/v1/notifiche_app,"POST | 201 | https://ougxeheoaifcuetnmgrw.supabase.co/rest/v1/notifiche_app | Mozilla/5.0 (Linux; Android 10; K) AppleWebKit/537.36 (KHTML, like Gecko) Chrome/151.0.0.0 Mobile Safari/537.36",{},[],edge,0,null,[],a7918e7b-c7c8-485e-bb52-b6eada062bff
41e6bb87-2642-4fe6-87e3-a3e6ddf92e34,"""2026-08-18T23:53:26.182Z""",2026-08-18T23:53:26.182000,success,200,OPTIONS,,/rest/v1/notifiche_app,"OPTIONS | 200 | https://ougxeheoaifcuetnmgrw.supabase.co/rest/v1/notifiche_app | Mozilla/5.0 (Linux; Android 10; K) AppleWebKit/537.36 (KHTML, like Gecko) Chrome/151.0.0.0 Mobile Safari/537.36",{},[],edge,0,null,[],null
b122cc76-a470-4aea-9286-b2590ab3ab26,"""2026-08-18T23:53:25.558Z""",2026-08-18T23:53:25.558000,success,200,POST,,,POST | 200 | https://ougxeheoaifcuetnmgrw.supabase.co/functions/v1/telegram-notify,{},[],edge function,0,null,[],null
7cd8ddef-6c1a-4581-9832-5da49259d8e3,"""2026-08-18T23:53:25.063Z""",2026-08-18T23:53:25.063000,success,200,GET,,/rest/v1/chiamate,"GET | 200 | https://ougxeheoaifcuetnmgrw.supabase.co/rest/v1/chiamate?select=id%2Cscadenza_interesse%2Ccreated_at&tipo=eq.prima&scadenza_interesse=gte.2026-08-20T00%3A00%3A00.000Z&scadenza_interesse=lte.2026-08-20T23%3A59%3A59.999Z | Mozilla/5.0 (Linux; Android 10; K) AppleWebKit/537.36 (KHTML, like Gecko) Chrome/151.0.0.0 Mobile Safari/537.36",{},[],edge,0,null,[],a7918e7b-c7c8-485e-bb52-b6eada062bff
448c6713-fb3e-4f64-9d88-7f79428b3a45,"""2026-08-18T23:53:24.887Z""",2026-08-18T23:53:24.887000,success,204,OPTIONS,,,OPTIONS | 204 | https://ougxeheoaifcuetnmgrw.supabase.co/functions/v1/telegram-notify,{},[],edge function,0,null,[],null
b38b3ac5-5855-43eb-b2f5-c66a0d16aa9e,"""2026-08-18T23:53:24.806Z""",2026-08-18T23:53:24.806000,success,200,GET,,/rest/v1/aste_svincolati,"GET | 200 | https://ougxeheoaifcuetnmgrw.supabase.co/rest/v1/aste_svincolati?select=*&order=created_at.desc | Mozilla/5.0 (Linux; Android 10; K) AppleWebKit/537.36 (KHTML, like Gecko) Chrome/151.0.0.0 Mobile Safari/537.36",{},[],edge,0,null,[],a7918e7b-c7c8-485e-bb52-b6eada062bff
a35bb1ab-813b-4046-aa56-69ed4a8cc129,"""2026-08-18T23:53:24.804Z""",2026-08-18T23:53:24.804000,success,200,GET,,/rest/v1/investimenti,"GET | 200 | https://ougxeheoaifcuetnmgrw.supabase.co/rest/v1/investimenti?select=*&squadra=eq.Alcool+Campi&stagione=eq.2026-27&order=data_acquisto.desc | Mozilla/5.0 (Linux; Android 10; K) AppleWebKit/537.36 (KHTML, like Gecko) Chrome/151.0.0.0 Mobile Safari/537.36",{},[],edge,0,null,[],a7918e7b-c7c8-485e-bb52-b6eada062bff
4f252ee5-f9ac-4ead-bc68-4d6a1e62f11c,"""2026-08-18T23:53:24.789Z""",2026-08-18T23:53:24.789000,success,200,GET,,/rest/v1/chiamate,"GET | 200 | https://ougxeheoaifcuetnmgrw.supabase.co/rest/v1/chiamate?select=*&order=created_at.desc | Mozilla/5.0 (Linux; Android 10; K) AppleWebKit/537.36 (KHTML, like Gecko) Chrome/151.0.0.0 Mobile Safari/537.36",{},[],edge,0,null,[],a7918e7b-c7c8-485e-bb52-b6eada062bff
afa01c6a-58c5-4d57-aa0e-f23a00851723,"""2026-08-18T23:53:24.563Z""",2026-08-18T23:53:24.563000,success,201,POST,,/rest/v1/chiamate,"POST | 201 | https://ougxeheoaifcuetnmgrw.supabase.co/rest/v1/chiamate?select=* | Mozilla/5.0 (Linux; Android 10; K) AppleWebKit/537.36 (KHTML, like Gecko) Chrome/151.0.0.0 Mobile Safari/537.36",{},[],edge,0,null,[],a7918e7b-c7c8-485e-bb52-b6eada062bff
fb0bcf60-04a1-478a-9ace-18374fb9fd88,"""2026-08-18T23:53:24.482Z""",2026-08-18T23:53:24.482000,success,200,OPTIONS,,/rest/v1/chiamate,"OPTIONS | 200 | https://ougxeheoaifcuetnmgrw.supabase.co/rest/v1/chiamate?select=* | Mozilla/5.0 (Linux; Android 10; K) AppleWebKit/537.36 (KHTML, like Gecko) Chrome/151.0.0.0 Mobile Safari/537.36",{},[],edge,0,null,[],null
3dcfac62-cf15-4d6b-adb1-6e374221ead0,"""2026-08-18T23:53:24.373Z""",2026-08-18T23:53:24.373000,success,200,GET,,/rest/v1/chiamate,"GET | 200 | https://ougxeheoaifcuetnmgrw.supabase.co/rest/v1/chiamate?select=created_at&squadra=eq.Alcool+Campi&tipo=eq.prima&order=created_at.desc&limit=1 | Mozilla/5.0 (Linux; Android 10; K) AppleWebKit/537.36 (KHTML, like Gecko) Chrome/151.0.0.0 Mobile Safari/537.36",{},[],edge,0,null,[],a7918e7b-c7c8-485e-bb52-b6eada062bff
0c5340c4-5b3a-4c4a-b3f0-0b1960787b18,"""2026-08-18T23:53:24.301Z""",2026-08-18T23:53:24.301000,success,200,OPTIONS,,/rest/v1/chiamate,"OPTIONS | 200 | https://ougxeheoaifcuetnmgrw.supabase.co/rest/v1/chiamate?select=created_at&squadra=eq.Alcool+Campi&tipo=eq.prima&order=created_at.desc&limit=1 | Mozilla/5.0 (Linux; Android 10; K) AppleWebKit/537.36 (KHTML, like Gecko) Chrome/151.0.0.0 Mobile Safari/537.36",{},[],edge,0,null,[],null
9183cf22-3764-41ef-a1ce-4321f55a141a,"""2026-08-18T23:53:24.188Z""",2026-08-18T23:53:24.188000,success,200,GET,,/rest/v1/squadre,"GET | 200 | https://ougxeheoaifcuetnmgrw.supabase.co/rest/v1/squadre?select=sc_bonus_obiettivi&name=eq.Alcool+Campi | Mozilla/5.0 (Linux; Android 10; K) AppleWebKit/537.36 (KHTML, like Gecko) Chrome/151.0.0.0 Mobile Safari/537.36",{},[],edge,0,null,[],a7918e7b-c7c8-485e-bb52-b6eada062bff
fcd61751-ac29-43f7-bc9b-d6ee5248b08d,"""2026-08-18T23:53:24.186Z""",2026-08-18T23:53:24.186000,success,200,GET,,/rest/v1/rosa,"GET | 200 | https://ougxeheoaifcuetnmgrw.supabase.co/rest/v1/rosa?select=quot%2Canni_contratto%2Canni&squadra=eq.Alcool+Campi&in_vivaio=eq.false | Mozilla/5.0 (Linux; Android 10; K) AppleWebKit/537.36 (KHTML, like Gecko) Chrome/151.0.0.0 Mobile Safari/537.36",{},[],edge,0,null,[],a7918e7b-c7c8-485e-bb52-b6eada062bff
03c0cd40-f22d-4496-ba16-a40c6a5f1c39,"""2026-08-18T23:53:24.113Z""",2026-08-18T23:53:24.113000,success,200,GET,,/rest/v1/allenatori_carte,"GET | 200 | https://ougxeheoaifcuetnmgrw.supabase.co/rest/v1/allenatori_carte?select=stipendio_sc&squadra=eq.Alcool+Campi&limit=1 | Mozilla/5.0 (Linux; Android 10; K) AppleWebKit/537.36 (KHTML, like Gecko) Chrome/151.0.0.0 Mobile Safari/537.36",{},[],edge,0,null,[],a7918e7b-c7c8-485e-bb52-b6eada062bff
d4d84e47-4555-453c-a52f-5ddd1360b7c1,"""2026-08-18T23:53:24.109Z""",2026-08-18T23:53:24.109000,success,200,OPTIONS,,/rest/v1/squadre,"OPTIONS | 200 | https://ougxeheoaifcuetnmgrw.supabase.co/rest/v1/squadre?select=sc_bonus_obiettivi&name=eq.Alcool+Campi | Mozilla/5.0 (Linux; Android 10; K) AppleWebKit/537.36 (KHTML, like Gecko) Chrome/151.0.0.0 Mobile Safari/537.36",{},[],edge,0,null,[],null
238d25df-d512-4bcc-b9e9-e0cb4c168dfd,"""2026-08-18T23:53:24.107Z""",2026-08-18T23:53:24.107000,success,200,OPTIONS,,/rest/v1/rosa,"OPTIONS | 200 | https://ougxeheoaifcuetnmgrw.supabase.co/rest/v1/rosa?select=quot%2Canni_contratto%2Canni&squadra=eq.Alcool+Campi&in_vivaio=eq.false | Mozilla/5.0 (Linux; Android 10; K) AppleWebKit/537.36 (KHTML, like Gecko) Chrome/151.0.0.0 Mobile Safari/537.36",{},[],edge,0,null,[],null
20c1447a-09d0-4ce3-904e-85eb6b066e25,"""2026-08-18T23:53:24.105Z""",2026-08-18T23:53:24.105000,success,200,GET,,/rest/v1/investimenti,"GET | 200 | https://ougxeheoaifcuetnmgrw.supabase.co/rest/v1/investimenti?select=*&squadra=eq.Alcool+Campi&nome=eq.Clausola+Segreta&attivo=eq.true&stagione=eq.2026-27 | Mozilla/5.0 (Linux; Android 10; K) AppleWebKit/537.36 (KHTML, like Gecko) Chrome/151.0.0.0 Mobile Safari/537.36",{},[],edge,0,null,[],a7918e7b-c7c8-485e-bb52-b6eada062bff
fe1c9837-904a-4b63-9135-b4837c29d38c,"""2026-08-18T23:53:24.103Z""",2026-08-18T23:53:24.103000,success,200,GET,,/rest/v1/investimenti,"GET | 200 | https://ougxeheoaifcuetnmgrw.supabase.co/rest/v1/investimenti?select=*&squadra=eq.Alcool+Campi&nome=eq.Deroga+U-21&attivo=eq.true&stagione=eq.2026-27 | Mozilla/5.0 (Linux; Android 10; K) AppleWebKit/537.36 (KHTML, like Gecko) Chrome/151.0.0.0 Mobile Safari/537.36",{},[],edge,0,null,[],a7918e7b-c7c8-485e-bb52-b6eada062bff
ffe6f646-92f7-4ddb-bdbb-37eda554bc7c,"""2026-08-18T23:53:24.101Z""",2026-08-18T23:53:24.101000,success,200,GET,,/rest/v1/investimenti,"GET | 200 | https://ougxeheoaifcuetnmgrw.supabase.co/rest/v1/investimenti?select=*&squadra=eq.Alcool+Campi&nome=eq.SuperClub&attivo=eq.true&stagione=eq.2026-27 | Mozilla/5.0 (Linux; Android 10; K) AppleWebKit/537.36 (KHTML, like Gecko) Chrome/151.0.0.0 Mobile Safari/537.36",{},[],edge,0,null,[],a7918e7b-c7c8-485e-bb52-b6eada062bff
9dcb176f-3486-4c81-a0c3-5ff14bbb99ae,"""2026-08-18T23:53:24.099Z""",2026-08-18T23:53:24.099000,success,200,GET,,/rest/v1/investimenti,"GET | 200 | https://ougxeheoaifcuetnmgrw.supabase.co/rest/v1/investimenti?select=stagione&squadra=eq.Alcool+Campi&nome=eq.Settore+Giovanile+Avanzato&attivo=eq.true | Mozilla/5.0 (Linux; Android 10; K) AppleWebKit/537.36 (KHTML, like Gecko) Chrome/151.0.0.0 Mobile Safari/537.36",{},[],edge,0,null,[],a7918e7b-c7c8-485e-bb52-b6eada062bff
0a539c30-48f2-4c10-a780-e898a480c1f8,"""2026-08-18T23:53:23.947Z""",2026-08-18T23:53:23.947000,success,200,GET,,/rest/v1/stagione_svincoli,"GET | 200 | https://ougxeheoaifcuetnmgrw.supabase.co/rest/v1/stagione_svincoli?select=*&squadra=eq.Alcool+Campi&limit=1 | Mozilla/5.0 (Linux; Android 10; K) AppleWebKit/537.36 (KHTML, like Gecko) Chrome/151.0.0.0 Mobile Safari/537.36",{},[],edge,0,null,[],a7918e7b-c7c8-485e-bb52-b6eada062bff
6a015f16-133a-454a-a304-3db7b5509a03,"""2026-08-18T23:53:23.795Z""",2026-08-18T23:53:23.795000,success,200,GET,,/rest/v1/svincoli,"GET | 200 | https://ougxeheoaifcuetnmgrw.supabase.co/rest/v1/svincoli?select=*&squadra=eq.Alcool+Campi&data_svincolo=gte.2026-06-01&data_svincolo=lte.2027-05-31&order=data_svincolo.asc | Mozilla/5.0 (Linux; Android 10; K) AppleWebKit/537.36 (KHTML, like Gecko) Chrome/151.0.0.0 Mobile Safari/537.36",{},[],edge,0,null,[],a7918e7b-c7c8-485e-bb52-b6eada062bff
2ebec78b-90f7-4eb8-81b7-3c8615cf3b7b,"""2026-08-18T23:53:23.674Z""",2026-08-18T23:53:23.674000,success,200,GET,,/rest/v1/impostazioni,"GET | 200 | https://ougxeheoaifcuetnmgrw.supabase.co/rest/v1/impostazioni?select=valore&chiave=eq.modalita_svincolati&limit=1 | Mozilla/5.0 (Linux; Android 10; K) AppleWebKit/537.36 (KHTML, like Gecko) Chrome/151.0.0.0 Mobile Safari/537.36",{},[],edge,0,null,[],a7918e7b-c7c8-485e-bb52-b6eada062bff
4522e878-e109-4e73-b09a-92dc0b2fdf1b,"""2026-08-18T23:53:18.685Z""",2026-08-18T23:53:18.685000,success,200,GET,,/rest/v1/storico_quotazioni,"GET | 200 | https://ougxeheoaifcuetnmgrw.supabase.co/rest/v1/storico_quotazioni?select=quot%2Cregistrato_il&nome=ilike.Romero+D.&order=registrato_il.asc | Mozilla/5.0 (Linux; Android 10; K) AppleWebKit/537.36 (KHTML, like Gecko) Chrome/151.0.0.0 Mobile Safari/537.36",{},[],edge,0,null,[],a7918e7b-c7c8-485e-bb52-b6eada062bff
4b28c0f8-9803-4e2e-a71f-f8925a6b4177,"""2026-08-18T23:53:07.811Z""",2026-08-18T23:53:07.811000,success,200,GET,,/rest/v1/squadre,"GET | 200 | https://ougxeheoaifcuetnmgrw.supabase.co/rest/v1/squadre?select=*&name=eq.Wehrmacht+FC | Mozilla/5.0 (Linux; Android 10; K) AppleWebKit/537.36 (KHTML, like Gecko) Chrome/151.0.0.0 Mobile Safari/537.36",{},[],edge,0,null,[],a7918e7b-c7c8-485e-bb52-b6eada062bff
074da480-1fe2-4a87-8a48-dc4ca2a7d7aa,"""2026-08-18T23:53:07.702Z""",2026-08-18T23:53:07.702000,success,200,GET,,/rest/v1/squadre,"GET | 200 | https://ougxeheoaifcuetnmgrw.supabase.co/rest/v1/squadre?select=*&name=eq.Agnus+Dei+FC | Mozilla/5.0 (Linux; Android 10; K) AppleWebKit/537.36 (KHTML, like Gecko) Chrome/151.0.0.0 Mobile Safari/537.36",{},[],edge,0,null,[],a7918e7b-c7c8-485e-bb52-b6eada062bff
2c52d9cc-e73d-4141-ae5d-b2f7b8220c76,"""2026-08-18T23:53:07.520Z""",2026-08-18T23:53:07.520000,success,200,GET,,/rest/v1/squadre,"GET | 200 | https://ougxeheoaifcuetnmgrw.supabase.co/rest/v1/squadre?select=*&name=eq.Alcool+Campi | Mozilla/5.0 (Linux; Android 10; K) AppleWebKit/537.36 (KHTML, like Gecko) Chrome/151.0.0.0 Mobile Safari/537.36",{},[],edge,0,null,[],a7918e7b-c7c8-485e-bb52-b6eada062bff
fa848170-23d5-4ba3-b9b9-bc01a5fcb0e8,"""2026-08-18T23:53:07.351Z""",2026-08-18T23:53:07.351000,success,200,GET,,/rest/v1/squadre,"GET | 200 | https://ougxeheoaifcuetnmgrw.supabase.co/rest/v1/squadre?select=*&name=eq.Borjcellona | Mozilla/5.0 (Linux; Android 10; K) AppleWebKit/537.36 (KHTML, like Gecko) Chrome/151.0.0.0 Mobile Safari/537.36",{},[],edge,0,null,[],a7918e7b-c7c8-485e-bb52-b6eada062bff
ab5de4e8-d8b5-48b8-9bed-56340a1c1c8f,"""2026-08-18T23:53:07.158Z""",2026-08-18T23:53:07.158000,success,200,GET,,/rest/v1/squadre,"GET | 200 | https://ougxeheoaifcuetnmgrw.supabase.co/rest/v1/squadre?select=*&name=eq.AK+Toio | Mozilla/5.0 (Linux; Android 10; K) AppleWebKit/537.36 (KHTML, like Gecko) Chrome/151.0.0.0 Mobile Safari/537.36",{},[],edge,0,null,[],a7918e7b-c7c8-485e-bb52-b6eada062bff
61ee08f2-e894-4755-8a98-2d2581211775,"""2026-08-18T23:53:07.021Z""",2026-08-18T23:53:07.021000,success,200,GET,,/rest/v1/squadre,"GET | 200 | https://ougxeheoaifcuetnmgrw.supabase.co/rest/v1/squadre?select=*&name=eq.Finocchiona+AC | Mozilla/5.0 (Linux; Android 10; K) AppleWebKit/537.36 (KHTML, like Gecko) Chrome/151.0.0.0 Mobile Safari/537.36",{},[],edge,0,null,[],a7918e7b-c7c8-485e-bb52-b6eada062bff
6d3352d8-63e3-4c4a-91bc-3fabbafeba33,"""2026-08-18T23:53:06.847Z""",2026-08-18T23:53:06.847000,success,200,GET,,/rest/v1/squadre,"GET | 200 | https://ougxeheoaifcuetnmgrw.supabase.co/rest/v1/squadre?select=*&name=eq.Shalpe+104 | Mozilla/5.0 (Linux; Android 10; K) AppleWebKit/537.36 (KHTML, like Gecko) Chrome/151.0.0.0 Mobile Safari/537.36",{},[],edge,0,null,[],a7918e7b-c7c8-485e-bb52-b6eada062bff
632844a0-9fda-4efe-8324-24096b7c25b7,"""2026-08-18T23:53:06.720Z""",2026-08-18T23:53:06.720000,success,200,GET,,/rest/v1/squadre,"GET | 200 | https://ougxeheoaifcuetnmgrw.supabase.co/rest/v1/squadre?select=*&name=eq.Balillareal | Mozilla/5.0 (Linux; Android 10; K) AppleWebKit/537.36 (KHTML, like Gecko) Chrome/151.0.0.0 Mobile Safari/537.36",{},[],edge,0,null,[],a7918e7b-c7c8-485e-bb52-b6eada062bff
808bd0e2-ffba-44d9-8f1b-907b0de644ef,"""2026-08-18T23:53:06.523Z""",2026-08-18T23:53:06.523000,success,200,GET,,/rest/v1/squadre,"GET | 200 | https://ougxeheoaifcuetnmgrw.supabase.co/rest/v1/squadre?select=name | Mozilla/5.0 (Linux; Android 10; K) AppleWebKit/537.36 (KHTML, like Gecko) Chrome/151.0.0.0 Mobile Safari/537.36",{},[],edge,0,null,[],a7918e7b-c7c8-485e-bb52-b6eada062bff
c37135bf-3517-4490-8417-3ffd4f50a758,"""2026-08-18T23:53:06.299Z""",2026-08-18T23:53:06.299000,success,200,GET,,/rest/v1/squadre,"GET | 200 | https://ougxeheoaifcuetnmgrw.supabase.co/rest/v1/squadre?select=* | Mozilla/5.0 (Linux; Android 10; K) AppleWebKit/537.36 (KHTML, like Gecko) Chrome/151.0.0.0 Mobile Safari/537.36",{},[],edge,0,null,[],a7918e7b-c7c8-485e-bb52-b6eada062bff
dbc00fc0-6ecf-4e23-80ae-c934af75e420,"""2026-08-18T23:52:56.658Z""",2026-08-18T23:52:56.658000,success,200,GET,,/rest/v1/club_identity,"GET | 200 | https://ougxeheoaifcuetnmgrw.supabase.co/rest/v1/club_identity?select=squadra%2Cstemma_url%2Cstemma_thumb_url%2Cmaglia_casa_url%2Cmaglia_trasferta_url%2Cmaglia_terza_url | Mozilla/5.0 (Linux; Android 10; K) AppleWebKit/537.36 (KHTML, like Gecko) Chrome/151.0.0.0 Mobile Safari/537.36",{},[],edge,0,null,[],a7918e7b-c7c8-485e-bb52-b6eada062bff
fe58a1ef-3b63-46e1-a3a4-3166a0824f2d,"""2026-08-18T23:52:56.657Z""",2026-08-18T23:52:56.657000,success,200,GET,,/rest/v1/storico_quotazioni,"GET | 200 | https://ougxeheoaifcuetnmgrw.supabase.co/rest/v1/storico_quotazioni?select=quot%2Cregistrato_il&nome=ilike.Romero+D.&order=registrato_il.asc | Mozilla/5.0 (Linux; Android 10; K) AppleWebKit/537.36 (KHTML, like Gecko) Chrome/151.0.0.0 Mobile Safari/537.36",{},[],edge,0,null,[],a7918e7b-c7c8-485e-bb52-b6eada062bff
6458e2aa-eb63-46a7-bcca-b7bd683ed918,"""2026-08-18T23:52:56.656Z""",2026-08-18T23:52:56.656000,success,200,GET,,/rest/v1/movimenti,"GET | 200 | https://ougxeheoaifcuetnmgrw.supabase.co/rest/v1/movimenti?select=squadra%2Cdescrizione%2Centrata%2Cuscita%2Cdata&data=gte.2026-02-16&data=lte.2026-09-15 | Mozilla/5.0 (Linux; Android 10; K) AppleWebKit/537.36 (KHTML, like Gecko) Chrome/151.0.0.0 Mobile Safari/537.36",{},[],edge,0,null,[],a7918e7b-c7c8-485e-bb52-b6eada062bff
25a28116-1aa7-4aeb-b2da-b7b758ac1302,"""2026-08-18T23:52:56.654Z""",2026-08-18T23:52:56.654000,success,200,GET,,/rest/v1/trattative,"GET | 200 | https://ougxeheoaifcuetnmgrw.supabase.co/rest/v1/trattative?select=*&stato=eq.in+attesa&a_squadra=eq.Alcool+Campi&order=created_at.asc | Mozilla/5.0 (Linux; Android 10; K) AppleWebKit/537.36 (KHTML, like Gecko) Chrome/151.0.0.0 Mobile Safari/537.36",{},[],edge,0,null,[],a7918e7b-c7c8-485e-bb52-b6eada062bff
549c9c4e-7a23-4fd0-99c7-0874a0c4843a,"""2026-08-18T23:52:56.653Z""",2026-08-18T23:52:56.653000,success,200,GET,,/rest/v1/impostazioni,"GET | 200 | https://ougxeheoaifcuetnmgrw.supabase.co/rest/v1/impostazioni?select=valore&chiave=eq.modalita_tassazione&limit=1 | Mozilla/5.0 (Linux; Android 10; K) AppleWebKit/537.36 (KHTML, like Gecko) Chrome/151.0.0.0 Mobile Safari/537.36",{},[],edge,0,null,[],a7918e7b-c7c8-485e-bb52-b6eada062bff
b02e0ffd-20b2-49be-8a10-010ce3ca5e2e,"""2026-08-18T23:52:56.651Z""",2026-08-18T23:52:56.651000,success,200,GET,,/rest/v1/impostazioni,"GET | 200 | https://ougxeheoaifcuetnmgrw.supabase.co/rest/v1/impostazioni?select=valore&chiave=eq.modalita_svincolati&limit=1 | Mozilla/5.0 (Linux; Android 10; K) AppleWebKit/537.36 (KHTML, like Gecko) Chrome/151.0.0.0 Mobile Safari/537.36",{},[],edge,0,null,[],a7918e7b-c7c8-485e-bb52-b6eada062bff
9fc7f17f-d028-44ce-ab61-0175575417f1,"""2026-08-18T23:52:56.650Z""",2026-08-18T23:52:56.650000,success,200,GET,,/rest/v1/impostazioni,"GET | 200 | https://ougxeheoaifcuetnmgrw.supabase.co/rest/v1/impostazioni?select=valore&chiave=eq.stagione_label&limit=1 | Mozilla/5.0 (Linux; Android 10; K) AppleWebKit/537.36 (KHTML, like Gecko) Chrome/151.0.0.0 Mobile Safari/537.36",{},[],edge,0,null,[],a7918e7b-c7c8-485e-bb52-b6eada062bff
e02b49b0-012b-47de-b506-4c5dac23fcab,"""2026-08-18T23:52:56.649Z""",2026-08-18T23:52:56.649000,success,200,GET,,/rest/v1/impostazioni,"GET | 200 | https://ougxeheoaifcuetnmgrw.supabase.co/rest/v1/impostazioni?select=valore&chiave=eq.rivalita_bloccata&limit=1 | Mozilla/5.0 (Linux; Android 10; K) AppleWebKit/537.36 (KHTML, like Gecko) Chrome/151.0.0.0 Mobile Safari/537.36",{},[],edge,0,null,[],a7918e7b-c7c8-485e-bb52-b6eada062bff
0afce324-6b38-4a98-907b-b533d05c29c6,"""2026-08-18T23:52:56.644Z""",2026-08-18T23:52:56.644000,success,200,GET,,/rest/v1/impostazioni,"GET | 200 | https://ougxeheoaifcuetnmgrw.supabase.co/rest/v1/impostazioni?select=valore&chiave=eq.mercato_override&limit=1 | Mozilla/5.0 (Linux; Android 10; K) AppleWebKit/537.36 (KHTML, like Gecko) Chrome/151.0.0.0 Mobile Safari/537.36",{},[],edge,0,null,[],a7918e7b-c7c8-485e-bb52-b6eada062bff
7cf72887-258d-44bd-852c-2b67633773e8,"""2026-08-18T23:52:56.640Z""",2026-08-18T23:52:56.640000,success,200,GET,,/rest/v1/squadre,"GET | 200 | https://ougxeheoaifcuetnmgrw.supabase.co/rest/v1/squadre?select=*&order=name.asc | Mozilla/5.0 (Linux; Android 10; K) AppleWebKit/537.36 (KHTML, like Gecko) Chrome/151.0.0.0 Mobile Safari/537.36",{},[],edge,0,null,[],a7918e7b-c7c8-485e-bb52-b6eada062bff
cda08892-6201-4540-8b84-7418c61f9c91,"""2026-08-18T23:52:56.633Z""",2026-08-18T23:52:56.633000,success,200,GET,,/rest/v1/squadre,"GET | 200 | https://ougxeheoaifcuetnmgrw.supabase.co/rest/v1/squadre?select=* | Mozilla/5.0 (Linux; Android 10; K) AppleWebKit/537.36 (KHTML, like Gecko) Chrome/151.0.0.0 Mobile Safari/537.36",{},[],edge,0,null,[],a7918e7b-c7c8-485e-bb52-b6eada062bff
b36b2c5f-d4a5-4509-bc34-6e7ae74b0f65,"""2026-08-18T23:52:56.564Z""",2026-08-18T23:52:56.564000,success,200,OPTIONS,,/rest/v1/storico_quotazioni,"OPTIONS | 200 | https://ougxeheoaifcuetnmgrw.supabase.co/rest/v1/storico_quotazioni?select=quot%2Cregistrato_il&nome=ilike.Romero+D.&order=registrato_il.asc | Mozilla/5.0 (Linux; Android 10; K) AppleWebKit/537.36 (KHTML, like Gecko) Chrome/151.0.0.0 Mobile Safari/537.36",{},[],edge,0,null,[],null
7828d3d4-12b0-4321-b437-6f55d0abddea,"""2026-08-18T23:52:56.556Z""",2026-08-18T23:52:56.556000,success,200,GET,,/rest/v1/profiles,"GET | 200 | https://ougxeheoaifcuetnmgrw.supabase.co/rest/v1/profiles?select=*&id=eq.a7918e7b-c7c8-485e-bb52-b6eada062bff | Mozilla/5.0 (Linux; Android 10; K) AppleWebKit/537.36 (KHTML, like Gecko) Chrome/151.0.0.0 Mobile Safari/537.36",{},[],edge,0,null,[],a7918e7b-c7c8-485e-bb52-b6eada062bff
441c3445-4bc9-4563-99e9-af91bbc17f53,"""2026-08-18T23:52:56.037Z""",2026-08-18T23:52:56.037000,success,200,POST,,/auth/v1/token,"POST | 200 | https://ougxeheoaifcuetnmgrw.supabase.co/auth/v1/token?grant_type=refresh_token | Mozilla/5.0 (Linux; Android 10; K) AppleWebKit/537.36 (KHTML, like Gecko) Chrome/151.0.0.0 Mobile Safari/537.36",{},[],edge,0,null,[],null
3be7b81a-b3d9-4726-ade7-7364ba3ca45b,"""2026-08-18T23:52:56.000Z""",2026-08-18T23:52:56.000000,success,200,,,,"{""auth_event"":{""action"":""token_revoked"",""actor_id"":""a7918e7b-c7c8-485e-bb52-b6eada062bff"",""actor_username"":""raspanti981@gmail.com"",""actor_via_sso"":false,""log_type"":""token""},""component"":""api"",""duration"":254445082,""grant_type"":""refresh_token"",""level"":""info"",""method"":""POST"",""msg"":""request completed"",""path"":""/token"",""referer"":""http://localhost:3000"",""remote_addr"":""62.94.160.196"",""request_id"":""01a0174a-d7f3-74c1-80ac-5892152747cb"",""status"":200,""time"":""2026-08-18T23:52:56Z""}",{},[],auth,0,null,[],a7918e7b-c7c8-485e-bb52-b6eada062bff
7407f2d9-a82a-4467-90c9-62a8f8fde7c9,"""2026-08-18T23:52:56.000Z""",2026-08-18T23:52:56.000000,success,200,,,,"{""action"":""login"",""instance_id"":""00000000-0000-0000-0000-000000000000"",""level"":""info"",""login_method"":""token"",""metering"":true,""msg"":""Login"",""time"":""2026-08-18T23:52:56Z"",""user_id"":""a7918e7b-c7c8-485e-bb52-b6eada062bff""}",{},[],auth,0,null,[],null
f689afad-54cf-40ee-889f-b2cbef8c0577,"""2026-08-18T23:51:51.742Z""",2026-08-18T23:51:51.742000,success,200,GET,,/rest/v1/chiamate,"GET | 200 | https://ougxeheoaifcuetnmgrw.supabase.co/rest/v1/chiamate?select=id%2Cscadenza_interesse%2Ccreated_at&tipo=eq.prima&scadenza_interesse=gte.2026-08-20T00%3A00%3A00.000Z&scadenza_interesse=lte.2026-08-20T23%3A59%3A59.999Z | Mozilla/5.0 (Linux; Android 10; K) AppleWebKit/537.36 (KHTML, like Gecko) Chrome/151.0.0.0 Mobile Safari/537.36",{},[],edge,0,null,[],a7918e7b-c7c8-485e-bb52-b6eada062bff
6e34d6f8-7b47-4802-807c-852fdea26295,"""2026-08-18T23:51:51.647Z""",2026-08-18T23:51:51.647000,success,200,GET,,/rest/v1/chiamate,"GET | 200 | https://ougxeheoaifcuetnmgrw.supabase.co/rest/v1/chiamate?select=id%2Cscadenza_interesse%2Ccreated_at&tipo=eq.prima&scadenza_interesse=gte.2026-08-20T00%3A00%3A00.000Z&scadenza_interesse=lte.2026-08-20T23%3A59%3A59.999Z | Mozilla/5.0 (Linux; Android 10; K) AppleWebKit/537.36 (KHTML, like Gecko) Chrome/151.0.0.0 Mobile Safari/537.36",{},[],edge,0,null,[],a7918e7b-c7c8-485e-bb52-b6eada062bff
282a7b24-ea1e-4f13-966b-915a688c6256,"""2026-08-18T23:51:51.543Z""",2026-08-18T23:51:51.543000,success,200,GET,,/rest/v1/chiamate,"GET | 200 | https://ougxeheoaifcuetnmgrw.supabase.co/rest/v1/chiamate?select=id%2Cscadenza_interesse%2Ccreated_at&tipo=eq.prima&scadenza_interesse=gte.2026-08-20T00%3A00%3A00.000Z&scadenza_interesse=lte.2026-08-20T23%3A59%3A59.999Z | Mozilla/5.0 (Linux; Android 10; K) AppleWebKit/537.36 (KHTML, like Gecko) Chrome/151.0.0.0 Mobile Safari/537.36",{},[],edge,0,null,[],a7918e7b-c7c8-485e-bb52-b6eada062bff
488dd1ba-e29f-4eb8-9b1d-79b8f27ace1e,"""2026-08-18T23:51:51.447Z""",2026-08-18T23:51:51.447000,success,200,GET,,/rest/v1/chiamate,"GET | 200 | https://ougxeheoaifcuetnmgrw.supabase.co/rest/v1/chiamate?select=id%2Cscadenza_interesse%2Ccreated_at&tipo=eq.prima&scadenza_interesse=gte.2026-08-20T00%3A00%3A00.000Z&scadenza_interesse=lte.2026-08-20T23%3A59%3A59.999Z | Mozilla/5.0 (Linux; Android 10; K) AppleWebKit/537.36 (KHTML, like Gecko) Chrome/151.0.0.0 Mobile Safari/537.36",{},[],edge,0,null,[],a7918e7b-c7c8-485e-bb52-b6eada062bff
05d0292d-9a42-4cc6-b3ce-b2c1a561a97f,"""2026-08-18T23:51:51.347Z""",2026-08-18T23:51:51.347000,success,200,GET,,/rest/v1/chiamate,"GET | 200 | https://ougxeheoaifcuetnmgrw.supabase.co/rest/v1/chiamate?select=id%2Cscadenza_interesse%2Ccreated_at&tipo=eq.prima&scadenza_interesse=gte.2026-08-20T00%3A00%3A00.000Z&scadenza_interesse=lte.2026-08-20T23%3A59%3A59.999Z | Mozilla/5.0 (Linux; Android 10; K) AppleWebKit/537.36 (KHTML, like Gecko) Chrome/151.0.0.0 Mobile Safari/537.36",{},[],edge,0,null,[],a7918e7b-c7c8-485e-bb52-b6eada062bff
5c62af2c-9cdd-4d11-bb94-1e8770f3e364,"""2026-08-18T23:51:51.243Z""",2026-08-18T23:51:51.243000,success,200,GET,,/rest/v1/chiamate,"GET | 200 | https://ougxeheoaifcuetnmgrw.supabase.co/rest/v1/chiamate?select=id%2Cscadenza_interesse%2Ccreated_at&tipo=eq.prima&scadenza_interesse=gte.2026-08-20T00%3A00%3A00.000Z&scadenza_interesse=lte.2026-08-20T23%3A59%3A59.999Z | Mozilla/5.0 (Linux; Android 10; K) AppleWebKit/537.36 (KHTML, like Gecko) Chrome/151.0.0.0 Mobile Safari/537.36",{},[],edge,0,null,[],a7918e7b-c7c8-485e-bb52-b6eada062bff
75182afe-09dc-436f-9441-ab13cf03c56b,"""2026-08-18T23:51:51.145Z""",2026-08-18T23:51:51.145000,success,200,GET,,/rest/v1/chiamate,"GET | 200 | https://ougxeheoaifcuetnmgrw.supabase.co/rest/v1/chiamate?select=id%2Cscadenza_interesse%2Ccreated_at&tipo=eq.prima&scadenza_interesse=gte.2026-08-20T00%3A00%3A00.000Z&scadenza_interesse=lte.2026-08-20T23%3A59%3A59.999Z | Mozilla/5.0 (Linux; Android 10; K) AppleWebKit/537.36 (KHTML, like Gecko) Chrome/151.0.0.0 Mobile Safari/537.36",{},[],edge,0,null,[],a7918e7b-c7c8-485e-bb52-b6eada062bff
1e5af518-266e-4b2a-a5f3-d662336465e1,"""2026-08-18T23:51:51.046Z""",2026-08-18T23:51:51.046000,success,200,GET,,/rest/v1/chiamate,"GET | 200 | https://ougxeheoaifcuetnmgrw.supabase.co/rest/v1/chiamate?select=id%2Cscadenza_interesse%2Ccreated_at&tipo=eq.prima&scadenza_interesse=gte.2026-08-20T00%3A00%3A00.000Z&scadenza_interesse=lte.2026-08-20T23%3A59%3A59.999Z | Mozilla/5.0 (Linux; Android 10; K) AppleWebKit/537.36 (KHTML, like Gecko) Chrome/151.0.0.0 Mobile Safari/537.36",{},[],edge,0,null,[],a7918e7b-c7c8-485e-bb52-b6eada062bff
efdb65e3-7933-4ab6-9555-4b584c267a09,"""2026-08-18T23:51:50.945Z""",2026-08-18T23:51:50.945000,success,200,GET,,/rest/v1/chiamate,"GET | 200 | https://ougxeheoaifcuetnmgrw.supabase.co/rest/v1/chiamate?select=id%2Cscadenza_interesse%2Ccreated_at&tipo=eq.prima&scadenza_interesse=gte.2026-08-20T00%3A00%3A00.000Z&scadenza_interesse=lte.2026-08-20T23%3A59%3A59.999Z | Mozilla/5.0 (Linux; Android 10; K) AppleWebKit/537.36 (KHTML, like Gecko) Chrome/151.0.0.0 Mobile Safari/537.36",{},[],edge,0,null,[],a7918e7b-c7c8-485e-bb52-b6eada062bff
404c4b6d-4786-4b6f-bc59-78396946ad56,"""2026-08-18T23:51:50.750Z""",2026-08-18T23:51:50.750000,success,200,GET,,/rest/v1/chiamate,"GET | 200 | https://ougxeheoaifcuetnmgrw.supabase.co/rest/v1/chiamate?select=id%2Cscadenza_interesse%2Ccreated_at&tipo=eq.prima&scadenza_interesse=gte.2026-08-20T00%3A00%3A00.000Z&scadenza_interesse=lte.2026-08-20T23%3A59%3A59.999Z | Mozilla/5.0 (Linux; Android 10; K) AppleWebKit/537.36 (KHTML, like Gecko) Chrome/151.0.0.0 Mobile Safari/537.36",{},[],edge,0,null,[],a7918e7b-c7c8-485e-bb52-b6eada062bff
0cb87643-b448-4db7-85e5-d8bfe8234b30,"""2026-08-18T23:51:50.649Z""",2026-08-18T23:51:50.649000,success,200,GET,,/rest/v1/chiamate,"GET | 200 | https://ougxeheoaifcuetnmgrw.supabase.co/rest/v1/chiamate?select=id%2Cscadenza_interesse%2Ccreated_at&tipo=eq.prima&scadenza_interesse=gte.2026-08-20T00%3A00%3A00.000Z&scadenza_interesse=lte.2026-08-20T23%3A59%3A59.999Z | Mozilla/5.0 (Linux; Android 10; K) AppleWebKit/537.36 (KHTML, like Gecko) Chrome/151.0.0.0 Mobile Safari/537.36",{},[],edge,0,null,[],a7918e7b-c7c8-485e-bb52-b6eada062bff
0044c490-4e49-4d9d-8b78-e9790d0c5bac,"""2026-08-18T23:51:50.507Z""",2026-08-18T23:51:50.507000,success,200,GET,,/rest/v1/chiamate,"GET | 200 | https://ougxeheoaifcuetnmgrw.supabase.co/rest/v1/chiamate?select=id%2Cscadenza_interesse%2Ccreated_at&tipo=eq.prima&scadenza_interesse=gte.2026-08-20T00%3A00%3A00.000Z&scadenza_interesse=lte.2026-08-20T23%3A59%3A59.999Z | Mozilla/5.0 (Linux; Android 10; K) AppleWebKit/537.36 (KHTML, like Gecko) Chrome/151.0.0.0 Mobile Safari/537.36",{},[],edge,0,null,[],a7918e7b-c7c8-485e-bb52-b6eada062bff
a9a450a6-9b85-4efa-ba31-5a5164160660,"""2026-08-18T23:51:50.429Z""",2026-08-18T23:51:50.429000,success,200,GET,,/rest/v1/chiamate,"GET | 200 | https://ougxeheoaifcuetnmgrw.supabase.co/rest/v1/chiamate?select=id%2Cscadenza_interesse%2Ccreated_at&tipo=eq.prima&scadenza_interesse=gte.2026-08-20T00%3A00%3A00.000Z&scadenza_interesse=lte.2026-08-20T23%3A59%3A59.999Z | Mozilla/5.0 (Linux; Android 10; K) AppleWebKit/537.36 (KHTML, like Gecko) Chrome/151.0.0.0 Mobile Safari/537.36",{},[],edge,0,null,[],a7918e7b-c7c8-485e-bb52-b6eada062bff
a7d96dfb-8c35-4fa0-a080-f1d9627b62d0,"""2026-08-18T23:51:50.342Z""",2026-08-18T23:51:50.342000,success,200,GET,,/rest/v1/chiamate,"GET | 200 | https://ougxeheoaifcuetnmgrw.supabase.co/rest/v1/chiamate?select=id%2Cscadenza_interesse%2Ccreated_at&tipo=eq.prima&scadenza_interesse=gte.2026-08-20T00%3A00%3A00.000Z&scadenza_interesse=lte.2026-08-20T23%3A59%3A59.999Z | Mozilla/5.0 (Linux; Android 10; K) AppleWebKit/537.36 (KHTML, like Gecko) Chrome/151.0.0.0 Mobile Safari/537.36",{},[],edge,0,null,[],a7918e7b-c7c8-485e-bb52-b6eada062bff
5ad0dfea-41ae-49c0-980a-498f46a10bf8,"""2026-08-18T23:51:50.247Z""",2026-08-18T23:51:50.247000,success,200,GET,,/rest/v1/chiamate,"GET | 200 | https://ougxeheoaifcuetnmgrw.supabase.co/rest/v1/chiamate?select=id%2Cscadenza_interesse%2Ccreated_at&tipo=eq.prima&scadenza_interesse=gte.2026-08-20T00%3A00%3A00.000Z&scadenza_interesse=lte.2026-08-20T23%3A59%3A59.999Z | Mozilla/5.0 (Linux; Android 10; K) AppleWebKit/537.36 (KHTML, like Gecko) Chrome/151.0.0.0 Mobile Safari/537.36",{},[],edge,0,null,[],a7918e7b-c7c8-485e-bb52-b6eada062bff
245cdb1e-5e02-4e44-a846-d3f7a8c3f0ab,"""2026-08-18T23:51:50.145Z""",2026-08-18T23:51:50.145000,success,200,GET,,/rest/v1/chiamate,"GET | 200 | https://ougxeheoaifcuetnmgrw.supabase.co/rest/v1/chiamate?select=id%2Cscadenza_interesse%2Ccreated_at&tipo=eq.prima&scadenza_interesse=gte.2026-08-20T00%3A00%3A00.000Z&scadenza_interesse=lte.2026-08-20T23%3A59%3A59.999Z | Mozilla/5.0 (Linux; Android 10; K) AppleWebKit/537.36 (KHTML, like Gecko) Chrome/151.0.0.0 Mobile Safari/537.36",{},[],edge,0,null,[],a7918e7b-c7c8-485e-bb52-b6eada062bff
256782f5-c153-4dc9-99c1-592a07b62109,"""2026-08-18T23:51:50.047Z""",2026-08-18T23:51:50.047000,success,200,GET,,/rest/v1/chiamate,"GET | 200 | https://ougxeheoaifcuetnmgrw.supabase.co/rest/v1/chiamate?select=id%2Cscadenza_interesse%2Ccreated_at&tipo=eq.prima&scadenza_interesse=gte.2026-08-20T00%3A00%3A00.000Z&scadenza_interesse=lte.2026-08-20T23%3A59%3A59.999Z | Mozilla/5.0 (Linux; Android 10; K) AppleWebKit/537.36 (KHTML, like Gecko) Chrome/151.0.0.0 Mobile Safari/537.36",{},[],edge,0,null,[],a7918e7b-c7c8-485e-bb52-b6eada062bff
dcc6626a-0d8a-4986-9819-a2a2f457b609,"""2026-08-18T23:51:49.959Z""",2026-08-18T23:51:49.959000,success,200,GET,,/rest/v1/chiamate,"GET | 200 | https://ougxeheoaifcuetnmgrw.supabase.co/rest/v1/chiamate?select=id%2Cscadenza_interesse%2Ccreated_at&tipo=eq.prima&scadenza_interesse=gte.2026-08-20T00%3A00%3A00.000Z&scadenza_interesse=lte.2026-08-20T23%3A59%3A59.999Z | Mozilla/5.0 (Linux; Android 10; K) AppleWebKit/537.36 (KHTML, like Gecko) Chrome/151.0.0.0 Mobile Safari/537.36",{},[],edge,0,null,[],a7918e7b-c7c8-485e-bb52-b6eada062bff
83c0b842-385a-43a3-9c30-4efa36d7993e,"""2026-08-18T23:51:49.864Z""",2026-08-18T23:51:49.864000,success,200,GET,,/rest/v1/chiamate,"GET | 200 | https://ougxeheoaifcuetnmgrw.supabase.co/rest/v1/chiamate?select=id%2Cscadenza_interesse%2Ccreated_at&tipo=eq.prima&scadenza_interesse=gte.2026-08-20T00%3A00%3A00.000Z&scadenza_interesse=lte.2026-08-20T23%3A59%3A59.999Z | Mozilla/5.0 (Linux; Android 10; K) AppleWebKit/537.36 (KHTML, like Gecko) Chrome/151.0.0.0 Mobile Safari/537.36",{},[],edge,0,null,[],a7918e7b-c7c8-485e-bb52-b6eada062bff
65863264-a8e4-459b-98cf-f9dfbb238515,"""2026-08-18T23:51:49.783Z""",2026-08-18T23:51:49.783000,success,200,GET,,/rest/v1/chiamate,"GET | 200 | https://ougxeheoaifcuetnmgrw.supabase.co/rest/v1/chiamate?select=id%2Cscadenza_interesse%2Ccreated_at&tipo=eq.prima&scadenza_interesse=gte.2026-08-20T00%3A00%3A00.000Z&scadenza_interesse=lte.2026-08-20T23%3A59%3A59.999Z | Mozilla/5.0 (Linux; Android 10; K) AppleWebKit/537.36 (KHTML, like Gecko) Chrome/151.0.0.0 Mobile Safari/537.36",{},[],edge,0,null,[],a7918e7b-c7c8-485e-bb52-b6eada062bff
55a72636-27f6-4114-8e01-c1c1d906ab9d,"""2026-08-18T23:51:49.653Z""",2026-08-18T23:51:49.653000,success,200,GET,,/rest/v1/chiamate,"GET | 200 | https://ougxeheoaifcuetnmgrw.supabase.co/rest/v1/chiamate?select=id%2Cscadenza_interesse%2Ccreated_at&tipo=eq.prima&scadenza_interesse=gte.2026-08-20T00%3A00%3A00.000Z&scadenza_interesse=lte.2026-08-20T23%3A59%3A59.999Z | Mozilla/5.0 (Linux; Android 10; K) AppleWebKit/537.36 (KHTML, like Gecko) Chrome/151.0.0.0 Mobile Safari/537.36",{},[],edge,0,null,[],a7918e7b-c7c8-485e-bb52-b6eada062bff
92ef7f5f-a45d-4c30-a86f-fdacbd3b2716,"""2026-08-18T23:51:49.575Z""",2026-08-18T23:51:49.575000,success,200,GET,,/rest/v1/chiamate,"GET | 200 | https://ougxeheoaifcuetnmgrw.supabase.co/rest/v1/chiamate?select=id%2Cscadenza_interesse%2Ccreated_at&tipo=eq.prima&scadenza_interesse=gte.2026-08-20T00%3A00%3A00.000Z&scadenza_interesse=lte.2026-08-20T23%3A59%3A59.999Z | Mozilla/5.0 (Linux; Android 10; K) AppleWebKit/537.36 (KHTML, like Gecko) Chrome/151.0.0.0 Mobile Safari/537.36",{},[],edge,0,null,[],a7918e7b-c7c8-485e-bb52-b6eada062bff
203a0771-f72e-4db3-bd38-3f93537df929,"""2026-08-18T23:51:49.455Z""",2026-08-18T23:51:49.455000,success,200,GET,,/rest/v1/chiamate,"GET | 200 | https://ougxeheoaifcuetnmgrw.supabase.co/rest/v1/chiamate?select=id%2Cscadenza_interesse%2Ccreated_at&tipo=eq.prima&scadenza_interesse=gte.2026-08-20T00%3A00%3A00.000Z&scadenza_interesse=lte.2026-08-20T23%3A59%3A59.999Z | Mozilla/5.0 (Linux; Android 10; K) AppleWebKit/537.36 (KHTML, like Gecko) Chrome/151.0.0.0 Mobile Safari/537.36",{},[],edge,0,null,[],a7918e7b-c7c8-485e-bb52-b6eada062bff
32333e95-d542-4f02-a419-817b64ca1397,"""2026-08-18T23:51:49.379Z""",2026-08-18T23:51:49.379000,success,200,GET,,/rest/v1/chiamate,"GET | 200 | https://ougxeheoaifcuetnmgrw.supabase.co/rest/v1/chiamate?select=id%2Cscadenza_interesse%2Ccreated_at&tipo=eq.prima&scadenza_interesse=gte.2026-08-20T00%3A00%3A00.000Z&scadenza_interesse=lte.2026-08-20T23%3A59%3A59.999Z | Mozilla/5.0 (Linux; Android 10; K) AppleWebKit/537.36 (KHTML, like Gecko) Chrome/151.0.0.0 Mobile Safari/537.36",{},[],edge,0,null,[],a7918e7b-c7c8-485e-bb52-b6eada062bff
1c080311-c8fb-4f37-9950-f033c5974cd7,"""2026-08-18T23:51:49.278Z""",2026-08-18T23:51:49.278000,success,200,GET,,/rest/v1/investimenti,"GET | 200 | https://ougxeheoaifcuetnmgrw.supabase.co/rest/v1/investimenti?select=*&squadra=eq.Alcool+Campi&stagione=eq.2026-27&order=data_acquisto.desc | Mozilla/5.0 (Linux; Android 10; K) AppleWebKit/537.36 (KHTML, like Gecko) Chrome/151.0.0.0 Mobile Safari/537.36",{},[],edge,0,null,[],a7918e7b-c7c8-485e-bb52-b6eada062bff
89bcf296-49db-4fa4-895d-41485279e446,"""2026-08-18T23:51:49.273Z""",2026-08-18T23:51:49.273000,success,200,GET,,/rest/v1/aste_svincolati,"GET | 200 | https://ougxeheoaifcuetnmgrw.supabase.co/rest/v1/aste_svincolati?select=*&order=created_at.desc | Mozilla/5.0 (Linux; Android 10; K) AppleWebKit/537.36 (KHTML, like Gecko) Chrome/151.0.0.0 Mobile Safari/537.36",{},[],edge,0,null,[],a7918e7b-c7c8-485e-bb52-b6eada062bff
499e0432-9a66-465e-94a8-373d46ed7090,"""2026-08-18T23:51:49.269Z""",2026-08-18T23:51:49.269000,success,200,GET,,/rest/v1/chiamate,"GET | 200 | https://ougxeheoaifcuetnmgrw.supabase.co/rest/v1/chiamate?select=*&order=created_at.desc | Mozilla/5.0 (Linux; Android 10; K) AppleWebKit/537.36 (KHTML, like Gecko) Chrome/151.0.0.0 Mobile Safari/537.36",{},[],edge,0,null,[],a7918e7b-c7c8-485e-bb52-b6eada062bff
d030ed3c-9ce8-43ac-983b-603e25c9aaf7,"""2026-08-18T23:51:49.256Z""",2026-08-18T23:51:49.256000,success,200,GET,,/rest/v1/chiamate,"GET | 200 | https://ougxeheoaifcuetnmgrw.supabase.co/rest/v1/chiamate?select=id%2Cscadenza_interesse%2Ccreated_at&tipo=eq.prima&scadenza_interesse=gte.2026-08-20T00%3A00%3A00.000Z&scadenza_interesse=lte.2026-08-20T23%3A59%3A59.999Z | Mozilla/5.0 (Linux; Android 10; K) AppleWebKit/537.36 (KHTML, like Gecko) Chrome/151.0.0.0 Mobile Safari/537.36",{},[],edge,0,null,[],a7918e7b-c7c8-485e-bb52-b6eada062bff
c4578148-e8f8-4599-9532-8b641694769a,"""2026-08-18T23:51:49.140Z""",2026-08-18T23:51:49.140000,success,200,GET,,/rest/v1/listone,"GET | 200 | https://ougxeheoaifcuetnmgrw.supabase.co/rest/v1/listone?select=id%2Cnome%2Cruolo%2Canni%2Csquadra_serie_a%2Cfanta_squadra%2Cquot%2Csalario%2Cclausola%2Cfuori_lista%2Cpartite_voto%2Cmedia_voto%2Cmedia_fantavoto%2Cgol_fatti%2Cassist%2Cammonizioni%2Cespulsioni%2Crigori_parati%2Crigori_segnati%2Crigori_sbagliati&order=quot.desc | Mozilla/5.0 (Linux; Android 10; K) AppleWebKit/537.36 (KHTML, like Gecko) Chrome/151.0.0.0 Mobile Safari/537.36",{},[],edge,0,null,[],a7918e7b-c7c8-485e-bb52-b6eada062bff
178b740b-61b4-4a5c-aade-da207576d1d0,"""2026-08-18T23:51:49.101Z""",2026-08-18T23:51:49.101000,success,200,GET,,/rest/v1/chiamate,"GET | 200 | https://ougxeheoaifcuetnmgrw.supabase.co/rest/v1/chiamate?select=id%2Cscadenza_interesse%2Ccreated_at&tipo=eq.prima&scadenza_interesse=gte.2026-08-20T00%3A00%3A00.000Z&scadenza_interesse=lte.2026-08-20T23%3A59%3A59.999Z | Mozilla/5.0 (Linux; Android 10; K) AppleWebKit/537.36 (KHTML, like Gecko) Chrome/151.0.0.0 Mobile Safari/537.36",{},[],edge,0,null,[],a7918e7b-c7c8-485e-bb52-b6eada062bff
b5498a03-cefe-4d37-9596-4e484f01ad68,"""2026-08-18T23:51:49.070Z""",2026-08-18T23:51:49.070000,success,200,GET,,/rest/v1/rosa,"GET | 200 | https://ougxeheoaifcuetnmgrw.supabase.co/rest/v1/rosa?select=*&squadra=eq.Alcool+Campi&order=ruolo.asc | Mozilla/5.0 (Linux; Android 10; K) AppleWebKit/537.36 (KHTML, like Gecko) Chrome/151.0.0.0 Mobile Safari/537.36",{},[],edge,0,null,[],a7918e7b-c7c8-485e-bb52-b6eada062bff
b0581d24-1892-46af-a657-10005e624314,"""2026-08-18T23:51:49.069Z""",2026-08-18T23:51:49.069000,success,200,OPTIONS,,/rest/v1/chiamate,"OPTIONS | 200 | https://ougxeheoaifcuetnmgrw.supabase.co/rest/v1/chiamate?select=id%2Cscadenza_interesse%2Ccreated_at&tipo=eq.prima&scadenza_interesse=gte.2026-08-20T00%3A00%3A00.000Z&scadenza_interesse=lte.2026-08-20T23%3A59%3A59.999Z | Mozilla/5.0 (Linux; Android 10; K) AppleWebKit/537.36 (KHTML, like Gecko) Chrome/151.0.0.0 Mobile Safari/537.36",{},[],edge,0,null,[],null
a284e0a4-d4fd-4570-8e1f-cededeb39f05,"""2026-08-18T23:51:49.069Z""",2026-08-18T23:51:49.069000,success,200,OPTIONS,,/rest/v1/listone,"OPTIONS | 200 | https://ougxeheoaifcuetnmgrw.supabase.co/rest/v1/listone?select=id%2Cnome%2Cruolo%2Canni%2Csquadra_serie_a%2Cfanta_squadra%2Cquot%2Csalario%2Cclausola%2Cfuori_lista%2Cpartite_voto%2Cmedia_voto%2Cmedia_fantavoto%2Cgol_fatti%2Cassist%2Cammonizioni%2Cespulsioni%2Crigori_parati%2Crigori_segnati%2Crigori_sbagliati&order=quot.desc | Mozilla/5.0 (Linux; Android 10; K) AppleWebKit/537.36 (KHTML, like Gecko) Chrome/151.0.0.0 Mobile Safari/537.36",{},[],edge,0,null,[],null
af9301c1-18af-4ca7-a0e0-5ec720c78567,"""2026-08-18T23:51:49.068Z""",2026-08-18T23:51:49.068000,success,200,OPTIONS,,/rest/v1/chiamate,"OPTIONS | 200 | https://ougxeheoaifcuetnmgrw.supabase.co/rest/v1/chiamate?select=id%2Cscadenza_interesse%2Ccreated_at&tipo=eq.prima&scadenza_interesse=gte.2026-08-20T00%3A00%3A00.000Z&scadenza_interesse=lte.2026-08-20T23%3A59%3A59.999Z | Mozilla/5.0 (Linux; Android 10; K) AppleWebKit/537.36 (KHTML, like Gecko) Chrome/151.0.0.0 Mobile Safari/537.36",{},[],edge,0,null,[],null
33286fe4-e582-4260-b29b-73fc726c1046,"""2026-08-18T23:51:49.067Z""",2026-08-18T23:51:49.067000,success,200,OPTIONS,,/rest/v1/chiamate,"OPTIONS | 200 | https://ougxeheoaifcuetnmgrw.supabase.co/rest/v1/chiamate?select=id%2Cscadenza_interesse%2Ccreated_at&tipo=eq.prima&scadenza_interesse=gte.2026-08-20T00%3A00%3A00.000Z&scadenza_interesse=lte.2026-08-20T23%3A59%3A59.999Z | Mozilla/5.0 (Linux; Android 10; K) AppleWebKit/537.36 (KHTML, like Gecko) Chrome/151.0.0.0 Mobile Safari/537.36",{},[],edge,0,null,[],null
7cd58713-b369-4786-87b4-93c11cfa7efb,"""2026-08-18T23:51:49.067Z""",2026-08-18T23:51:49.067000,success,200,OPTIONS,,/rest/v1/chiamate,"OPTIONS | 200 | https://ougxeheoaifcuetnmgrw.supabase.co/rest/v1/chiamate?select=id%2Cscadenza_interesse%2Ccreated_at&tipo=eq.prima&scadenza_interesse=gte.2026-08-20T00%3A00%3A00.000Z&scadenza_interesse=lte.2026-08-20T23%3A59%3A59.999Z | Mozilla/5.0 (Linux; Android 10; K) AppleWebKit/537.36 (KHTML, like Gecko) Chrome/151.0.0.0 Mobile Safari/537.36",{},[],edge,0,null,[],null
b365c641-12e3-4dc6-bc58-cf8e4fb026a0,"""2026-08-18T23:51:49.066Z""",2026-08-18T23:51:49.066000,success,200,OPTIONS,,/rest/v1/chiamate,"OPTIONS | 200 | https://ougxeheoaifcuetnmgrw.supabase.co/rest/v1/chiamate?select=id%2Cscadenza_interesse%2Ccreated_at&tipo=eq.prima&scadenza_interesse=gte.2026-08-20T00%3A00%3A00.000Z&scadenza_interesse=lte.2026-08-20T23%3A59%3A59.999Z | Mozilla/5.0 (Linux; Android 10; K) AppleWebKit/537.36 (KHTML, like Gecko) Chrome/151.0.0.0 Mobile Safari/537.36",{},[],edge,0,null,[],null
7ac356c2-14dc-46ed-aaaa-98f61e2cf378,"""2026-08-18T23:51:49.061Z""",2026-08-18T23:51:49.061000,success,200,OPTIONS,,/rest/v1/chiamate,"OPTIONS | 200 | https://ougxeheoaifcuetnmgrw.supabase.co/rest/v1/chiamate?select=id%2Cscadenza_interesse%2Ccreated_at&tipo=eq.prima&scadenza_interesse=gte.2026-08-20T00%3A00%3A00.000Z&scadenza_interesse=lte.2026-08-20T23%3A59%3A59.999Z | Mozilla/5.0 (Linux; Android 10; K) AppleWebKit/537.36 (KHTML, like Gecko) Chrome/151.0.0.0 Mobile Safari/537.36",{},[],edge,0,null,[],null
6b36915f-7bc3-44bd-8e46-2796d81dfab5,"""2026-08-18T23:51:49.060Z""",2026-08-18T23:51:49.060000,success,200,OPTIONS,,/rest/v1/chiamate,"OPTIONS | 200 | https://ougxeheoaifcuetnmgrw.supabase.co/rest/v1/chiamate?select=id%2Cscadenza_interesse%2Ccreated_at&tipo=eq.prima&scadenza_interesse=gte.2026-08-20T00%3A00%3A00.000Z&scadenza_interesse=lte.2026-08-20T23%3A59%3A59.999Z | Mozilla/5.0 (Linux; Android 10; K) AppleWebKit/537.36 (KHTML, like Gecko) Chrome/151.0.0.0 Mobile Safari/537.36",{},[],edge,0,null,[],null
9e6b52d3-a9a4-46cf-824d-6cf6222ec7b4,"""2026-08-18T23:51:49.059Z""",2026-08-18T23:51:49.059000,success,200,OPTIONS,,/rest/v1/chiamate,"OPTIONS | 200 | https://ougxeheoaifcuetnmgrw.supabase.co/rest/v1/chiamate?select=id%2Cscadenza_interesse%2Ccreated_at&tipo=eq.prima&scadenza_interesse=gte.2026-08-20T00%3A00%3A00.000Z&scadenza_interesse=lte.2026-08-20T23%3A59%3A59.999Z | Mozilla/5.0 (Linux; Android 10; K) AppleWebKit/537.36 (KHTML, like Gecko) Chrome/151.0.0.0 Mobile Safari/537.36",{},[],edge,0,null,[],null
c858432d-0b18-4fdf-acd5-6a452a10e840,"""2026-08-18T23:51:49.058Z""",2026-08-18T23:51:49.058000,success,200,OPTIONS,,/rest/v1/chiamate,"OPTIONS | 200 | https://ougxeheoaifcuetnmgrw.supabase.co/rest/v1/chiamate?select=id%2Cscadenza_interesse%2Ccreated_at&tipo=eq.prima&scadenza_interesse=gte.2026-08-20T00%3A00%3A00.000Z&scadenza_interesse=lte.2026-08-20T23%3A59%3A59.999Z | Mozilla/5.0 (Linux; Android 10; K) AppleWebKit/537.36 (KHTML, like Gecko) Chrome/151.0.0.0 Mobile Safari/537.36",{},[],edge,0,null,[],null
b0766510-a79c-4f28-990e-f7fcad09017e,"""2026-08-18T23:51:49.058Z""",2026-08-18T23:51:49.058000,success,200,OPTIONS,,/rest/v1/chiamate,"OPTIONS | 200 | https://ougxeheoaifcuetnmgrw.supabase.co/rest/v1/chiamate?select=id%2Cscadenza_interesse%2Ccreated_at&tipo=eq.prima&scadenza_interesse=gte.2026-08-20T00%3A00%3A00.000Z&scadenza_interesse=lte.2026-08-20T23%3A59%3A59.999Z | Mozilla/5.0 (Linux; Android 10; K) AppleWebKit/537.36 (KHTML, like Gecko) Chrome/151.0.0.0 Mobile Safari/537.36",{},[],edge,0,null,[],null
bef11ce1-889a-4ea8-9b11-670f432bb7ed,"""2026-08-18T23:51:49.056Z""",2026-08-18T23:51:49.056000,success,200,OPTIONS,,/rest/v1/chiamate,"OPTIONS | 200 | https://ougxeheoaifcuetnmgrw.supabase.co/rest/v1/chiamate?select=id%2Cscadenza_interesse%2Ccreated_at&tipo=eq.prima&scadenza_interesse=gte.2026-08-20T00%3A00%3A00.000Z&scadenza_interesse=lte.2026-08-20T23%3A59%3A59.999Z | Mozilla/5.0 (Linux; Android 10; K) AppleWebKit/537.36 (KHTML, like Gecko) Chrome/151.0.0.0 Mobile Safari/537.36",{},[],edge,0,null,[],null
8a207f0c-0d72-4647-90f8-d1cc64f8897b,"""2026-08-18T23:51:49.055Z""",2026-08-18T23:51:49.055000,success,200,OPTIONS,,/rest/v1/chiamate,"OPTIONS | 200 | https://ougxeheoaifcuetnmgrw.supabase.co/rest/v1/chiamate?select=id%2Cscadenza_interesse%2Ccreated_at&tipo=eq.prima&scadenza_interesse=gte.2026-08-20T00%3A00%3A00.000Z&scadenza_interesse=lte.2026-08-20T23%3A59%3A59.999Z | Mozilla/5.0 (Linux; Android 10; K) AppleWebKit/537.36 (KHTML, like Gecko) Chrome/151.0.0.0 Mobile Safari/537.36",{},[],edge,0,null,[],null
d8c1b8f9-5f0c-4751-a156-8679c9bd899e,"""2026-08-18T23:51:49.054Z""",2026-08-18T23:51:49.054000,success,200,OPTIONS,,/rest/v1/chiamate,"OPTIONS | 200 | https://ougxeheoaifcuetnmgrw.supabase.co/rest/v1/chiamate?select=id%2Cscadenza_interesse%2Ccreated_at&tipo=eq.prima&scadenza_interesse=gte.2026-08-20T00%3A00%3A00.000Z&scadenza_interesse=lte.2026-08-20T23%3A59%3A59.999Z | Mozilla/5.0 (Linux; Android 10; K) AppleWebKit/537.36 (KHTML, like Gecko) Chrome/151.0.0.0 Mobile Safari/537.36",{},[],edge,0,null,[],null
39d6ba72-ccd5-4166-a27c-f6ca91d08fee,"""2026-08-18T23:51:48.317Z""",2026-08-18T23:51:48.317000,success,200,GET,,/rest/v1/trattative_bonus,"GET | 200 | https://ougxeheoaifcuetnmgrw.supabase.co/rest/v1/trattative_bonus?select=*&trattativa_id=in.%2870%2C69%2C68%2C67%2C66%2C65%2C64%2C63%2C62%2C61%2C60%2C59%2C58%2C57%2C56%2C55%2C54%2C53%2C52%2C51%2C50%2C49%2C48%2C47%2C46%2C45%2C44%2C43%2C42%2C41%2C40%2C39%2C38%2C37%2C36%2C35%2C34%2C33%2C32%2C31%2C30%2C29%2C28%2C27%2C26%2C25%2C24%2C23%2C22%2C21%2C20%2C19%2C18%2C17%2C16%2C15%2C14%2C13%2C12%2C11%2C10%2C9%2C8%2C7%2C6%29 | Mozilla/5.0 (Linux; Android 10; K) AppleWebKit/537.36 (KHTML, like Gecko) Chrome/151.0.0.0 Mobile Safari/537.36",{},[],edge,0,null,[],a7918e7b-c7c8-485e-bb52-b6eada062bff
a643a298-ec46-46cc-9977-c589520b6b1e,"""2026-08-18T23:51:48.315Z""",2026-08-18T23:51:48.315000,success,200,GET,,/rest/v1/notifiche_lette,"GET | 200 | https://ougxeheoaifcuetnmgrw.supabase.co/rest/v1/notifiche_lette?select=notifica_id%2Cnascosta&squadra=eq.Alcool+Campi&notifica_id=in.%28518%2C517%2C516%2C513%2C511%2C510%2C509%2C505%2C504%2C503%2C502%2C501%2C500%2C499%2C498%2C497%2C496%2C495%2C494%2C493%2C492%2C491%2C490%2C488%2C486%2C485%2C484%2C483%2C482%2C481%29 | Mozilla/5.0 (Linux; Android 10; K) AppleWebKit/537.36 (KHTML, like Gecko) Chrome/151.0.0.0 Mobile Safari/537.36",{},[],edge,0,null,[],a7918e7b-c7c8-485e-bb52-b6eada062bff
d07fa019-5d28-4eb7-ac73-0fdd61e29ac7,"""2026-08-18T23:51:48.286Z""",2026-08-18T23:51:48.286000,success,200,GET,,/rest/v1/rosa,"GET | 200 | https://ougxeheoaifcuetnmgrw.supabase.co/rest/v1/rosa?select=id%2Cnome%2Csquadra_originale%2Crescissione_prestito_scadenza&in_prestito=eq.true&rescissione_prestito_attiva=eq.true&rescissione_prestito_scadenza=lte.2026-08-18 | Mozilla/5.0 (Linux; Android 10; K) AppleWebKit/537.36 (KHTML, like Gecko) Chrome/151.0.0.0 Mobile Safari/537.36",{},[],edge,0,null,[],a7918e7b-c7c8-485e-bb52-b6eada062bff
0dcf0075-469f-4b9d-80c6-c328aae123ea,"""2026-08-18T23:51:48.272Z""",2026-08-18T23:51:48.272000,success,200,GET,,/rest/v1/aste_svincolati,"GET | 200 | https://ougxeheoaifcuetnmgrw.supabase.co/rest/v1/aste_svincolati?select=*&order=created_at.desc | Mozilla/5.0 (Linux; Android 10; K) AppleWebKit/537.36 (KHTML, like Gecko) Chrome/151.0.0.0 Mobile Safari/537.36",{},[],edge,0,null,[],a7918e7b-c7c8-485e-bb52-b6eada062bff
d1d69e5e-6392-427b-96ca-fd46ff6b608b,"""2026-08-18T23:51:47.033Z""",2026-08-18T23:51:47.033000,success,200,GET,,/rest/v1/investimenti,"GET | 200 | https://ougxeheoaifcuetnmgrw.supabase.co/rest/v1/investimenti?select=*&squadra=eq.Alcool+Campi&stagione=eq.2026-27&order=data_acquisto.desc | Mozilla/5.0 (Linux; Android 10; K) AppleWebKit/537.36 (KHTML, like Gecko) Chrome/151.0.0.0 Mobile Safari/537.36",{},[],edge,0,null,[],a7918e7b-c7c8-485e-bb52-b6eada062bff
55d93111-909f-4b3b-9d6a-e87c1f586c31,"""2026-08-18T23:51:47.032Z""",2026-08-18T23:51:47.032000,success,200,GET,,/rest/v1/svincolati,"GET | 200 | https://ougxeheoaifcuetnmgrw.supabase.co/rest/v1/svincolati?select=*&stagione=eq.2026-27&order=quot.desc | Mozilla/5.0 (Linux; Android 10; K) AppleWebKit/537.36 (KHTML, like Gecko) Chrome/151.0.0.0 Mobile Safari/537.36",{},[],edge,0,null,[],a7918e7b-c7c8-485e-bb52-b6eada062bff
c73d31a7-4e62-4a59-aac3-1dcc90c8bb7b,"""2026-08-18T23:51:47.030Z""",2026-08-18T23:51:47.030000,success,200,GET,,/rest/v1/chiamate,"GET | 200 | https://ougxeheoaifcuetnmgrw.supabase.co/rest/v1/chiamate?select=*&order=created_at.desc | Mozilla/5.0 (Linux; Android 10; K) AppleWebKit/537.36 (KHTML, like Gecko) Chrome/151.0.0.0 Mobile Safari/537.36",{},[],edge,0,null,[],a7918e7b-c7c8-485e-bb52-b6eada062bff
2bfd8983-5bbd-4686-9a61-b2c5121d6fe3,"""2026-08-18T23:51:46.964Z""",2026-08-18T23:51:46.964000,success,200,OPTIONS,,/rest/v1/investimenti,"OPTIONS | 200 | https://ougxeheoaifcuetnmgrw.supabase.co/rest/v1/investimenti?select=*&squadra=eq.Alcool+Campi&stagione=eq.2026-27&order=data_acquisto.desc | Mozilla/5.0 (Linux; Android 10; K) AppleWebKit/537.36 (KHTML, like Gecko) Chrome/151.0.0.0 Mobile Safari/537.36",{},[],edge,0,null,[],null
334deffe-60fa-468e-b455-a545f74021bd,"""2026-08-18T23:51:46.958Z""",2026-08-18T23:51:46.958000,success,200,OPTIONS,,/rest/v1/svincolati,"OPTIONS | 200 | https://ougxeheoaifcuetnmgrw.supabase.co/rest/v1/svincolati?select=*&stagione=eq.2026-27&order=quot.desc | Mozilla/5.0 (Linux; Android 10; K) AppleWebKit/537.36 (KHTML, like Gecko) Chrome/151.0.0.0 Mobile Safari/537.36",{},[],edge,0,null,[],null
8998e0f3-daa9-447e-8954-8394ce92a377,"""2026-08-18T23:51:46.953Z""",2026-08-18T23:51:46.953000,success,200,OPTIONS,,/rest/v1/chiamate,"OPTIONS | 200 | https://ougxeheoaifcuetnmgrw.supabase.co/rest/v1/chiamate?select=*&order=created_at.desc | Mozilla/5.0 (Linux; Android 10; K) AppleWebKit/537.36 (KHTML, like Gecko) Chrome/151.0.0.0 Mobile Safari/537.36",{},[],edge,0,null,[],null
55a8598e-6e57-4736-a198-166ec1dcc042,"""2026-08-18T23:51:45.165Z""",2026-08-18T23:51:45.165000,success,200,GET,,/rest/v1/aste_svincolati,"GET | 200 | https://ougxeheoaifcuetnmgrw.supabase.co/rest/v1/aste_svincolati?select=*&order=created_at.desc | Mozilla/5.0 (Linux; Android 10; K) AppleWebKit/537.36 (KHTML, like Gecko) Chrome/151.0.0.0 Mobile Safari/537.36",{},[],edge,0,null,[],a7918e7b-c7c8-485e-bb52-b6eada062bff
26c9641c-4c15-4da6-9927-97e773fdb947,"""2026-08-18T23:51:45.164Z""",2026-08-18T23:51:45.164000,success,200,GET,,/rest/v1/rosa,"GET | 200 | https://ougxeheoaifcuetnmgrw.supabase.co/rest/v1/rosa?select=*&in_vivaio=eq.true&squadra=eq.Alcool+Campi | Mozilla/5.0 (Linux; Android 10; K) AppleWebKit/537.36 (KHTML, like Gecko) Chrome/151.0.0.0 Mobile Safari/537.36",{},[],edge,0,null,[],a7918e7b-c7c8-485e-bb52-b6eada062bff
f1b1d586-d2c1-42d5-ba72-f6f56c4d2d2a,"""2026-08-18T23:51:45.163Z""",2026-08-18T23:51:45.163000,success,200,GET,,/rest/v1/aste_svincolati,"GET | 200 | https://ougxeheoaifcuetnmgrw.supabase.co/rest/v1/aste_svincolati?select=id%2Cgiocatore&stato=eq.raccolta_offerte | Mozilla/5.0 (Linux; Android 10; K) AppleWebKit/537.36 (KHTML, like Gecko) Chrome/151.0.0.0 Mobile Safari/537.36",{},[],edge,0,null,[],a7918e7b-c7c8-485e-bb52-b6eada062bff
74273349-1ebf-4774-9a0b-2acb540cb44a,"""2026-08-18T23:51:45.163Z""",2026-08-18T23:51:45.163000,success,200,GET,,/rest/v1/trattative,"GET | 200 | https://ougxeheoaifcuetnmgrw.supabase.co/rest/v1/trattative?select=*&order=created_at.desc | Mozilla/5.0 (Linux; Android 10; K) AppleWebKit/537.36 (KHTML, like Gecko) Chrome/151.0.0.0 Mobile Safari/537.36",{},[],edge,0,null,[],a7918e7b-c7c8-485e-bb52-b6eada062bff
28cc9f33-0fca-451a-8879-4243be27ce93,"""2026-08-18T23:51:45.162Z""",2026-08-18T23:51:45.162000,success,200,GET,,/rest/v1/rosa,"GET | 200 | https://ougxeheoaifcuetnmgrw.supabase.co/rest/v1/rosa?select=id%2Cnome%2Csquadra%2Cruolo%2Canni%2Cquot%2Cstip%2Cclausola%2Csquadra_serie_a%2Ccedibile_stato%2Ccedibile_richiesta&cedibile_stato=not.is.null&in_vivaio=eq.false&order=squadra.asc%2Cnome.asc | Mozilla/5.0 (Linux; Android 10; K) AppleWebKit/537.36 (KHTML, like Gecko) Chrome/151.0.0.0 Mobile Safari/537.36",{},[],edge,0,null,[],a7918e7b-c7c8-485e-bb52-b6eada062bff
afe47c96-29e3-479a-abef-29c5de6163f6,"""2026-08-18T23:51:45.161Z""",2026-08-18T23:51:45.161000,success,200,GET,,/rest/v1/notifiche_app,"GET | 200 | https://ougxeheoaifcuetnmgrw.supabase.co/rest/v1/notifiche_app?select=*&or=%28squadra_destinataria.eq.Alcool+Campi%2Csquadra_destinataria.is.null%29&order=created_at.desc&limit=30 | Mozilla/5.0 (Linux; Android 10; K) AppleWebKit/537.36 (KHTML, like Gecko) Chrome/151.0.0.0 Mobile Safari/537.36",{},[],edge,0,null,[],a7918e7b-c7c8-485e-bb52-b6eada062bff
0e98c318-3838-47db-9c75-4df5168560b6,"""2026-08-18T23:51:45.160Z""",2026-08-18T23:51:45.160000,success,200,GET,,/rest/v1/aste,"GET | 200 | https://ougxeheoaifcuetnmgrw.supabase.co/rest/v1/aste?select=*&order=created_at.desc | Mozilla/5.0 (Linux; Android 10; K) AppleWebKit/537.36 (KHTML, like Gecko) Chrome/151.0.0.0 Mobile Safari/537.36",{},[],edge,0,null,[],a7918e7b-c7c8-485e-bb52-b6eada062bff
23b82e32-c1ac-48fe-a3d5-8679ee03b9c1,"""2026-08-18T23:51:44.384Z""",2026-08-18T23:51:44.384000,success,101,GET,,/realtime/v1/websocket,"GET | 101 | https://ougxeheoaifcuetnmgrw.supabase.co/realtime/v1/websocket?apikey=REDACTED&vsn=2.0.0 | Mozilla/5.0 (Linux; Android 10; K) AppleWebKit/537.36 (KHTML, like Gecko) Chrome/151.0.0.0 Mobile Safari/537.36",{},[],edge,0,null,[],null
20978403-0dac-40c6-9a1a-77ea8af19bd0,"""2026-08-18T23:51:02.428Z""",2026-08-18T23:51:02.428000,success,200,POST,,,POST | 200 | https://ougxeheoaifcuetnmgrw.supabase.co/functions/v1/cron-check-aste,{},[],edge function,0,null,[],null
98fd8c40-de36-4021-b55e-9809a0d576d0,"""2026-08-18T23:51:02.037Z""",2026-08-18T23:51:02.037000,success,200,GET,,/rest/v1/aste_svincolati,GET | 200 | https://ougxeheoaifcuetnmgrw.supabase.co/rest/v1/aste_svincolati?select=*&stato=eq.raccolta_offerte&scadenza=lte.2026-08-18T23%3A51%3A00.993Z&order=scadenza.asc | Deno/2.1.4 (variant; SupabaseEdgeRuntime/1.74.3),{},[],edge,0,null,[],null
5720a8a8-7729-47c3-80fc-f6633b292163,"""2026-08-18T23:51:01.778Z""",2026-08-18T23:51:01.778000,success,200,GET,,/rest/v1/aste_svincolati,GET | 200 | https://ougxeheoaifcuetnmgrw.supabase.co/rest/v1/aste_svincolati?select=id%2Cgiocatore%2Cquot%2Cscadenza%2Cpromemoria_1h_inviato&stato=eq.raccolta_offerte&scadenza=gt.2026-08-18T23%3A51%3A00.993Z&scadenza=lte.2026-08-19T00%3A51%3A00.993Z | Deno/2.1.4 (variant; SupabaseEdgeRuntime/1.74.3),{},[],edge,0,null,[],null
06cffe0b-ade8-4938-8903-29459d5d43df,"""2026-08-18T23:51:01.014Z""",2026-08-18T23:51:01.014000,success,200,GET,,/rest/v1/chiamate,GET | 200 | https://ougxeheoaifcuetnmgrw.supabase.co/rest/v1/chiamate?select=giocatore%2Cquot%2Cper_vivaio%2Cscadenza_interesse%2Csquadra%2Ctipo&stato=eq.aperta&tipo=eq.prima&scadenza_interesse=lte.2026-08-18T23%3A51%3A00.993Z&order=scadenza_interesse.asc | Deno/2.1.4 (variant; SupabaseEdgeRuntime/1.74.3),{},[],edge,0,null,[],null
d1360155-8b44-4236-8d92-6a1a20e7b1ec,"""2026-08-18T23:51:00.265Z""",2026-08-18T23:51:00.265000,success,00000,,,,cron job 2 completed: 1 row,{},[],postgres,0,null,[],null
143c2ba1-b6c3-42f4-9c00-eb16fdc17007,"""2026-08-18T23:51:00.063Z""",2026-08-18T23:51:00.063000,success,00000,,,,"cron job 2 starting: ",{},[],postgres,0,null,[],null
20bf93a9-dbaa-4b19-b89d-a4a08711bda8,"""2026-08-18T23:49:26.017Z""",2026-08-18T23:49:26.017000,success,00000,,,,"checkpoint complete: wrote 5 buffers (0.0%); 0 WAL file(s) added, 0 removed, 2 recycled; write=0.465 s, sync=0.004 s, total=0.498 s; sync files=6, longest=0.003 s, average=0.001 s; distance=32768 kB, estimate=43383 kB; lsn=38/620000B8, redo lsn=38/62000060",{},[],postgres,0,null,[],null
2ce0e989-4118-43ba-b86c-68f672042e01,"""2026-08-18T23:49:25.522Z""",2026-08-18T23:49:25.522000,success,00000,,,,checkpoint starting: time,{},[],postgres,0,null,[],null
63acd9a6-d699-4648-af71-18ff57dff839,"""2026-08-18T23:48:01.683Z""",2026-08-18T23:48:01.683000,success,200,POST,,,POST | 200 | https://ougxeheoaifcuetnmgrw.supabase.co/functions/v1/cron-check-aste,{},[],edge function,0,null,[],null
71eec97c-5fce-4cf0-9e42-335a934d30bc,"""2026-08-18T23:48:01.537Z""",2026-08-18T23:48:01.537000,success,200,GET,,/rest/v1/aste_svincolati,GET | 200 | https://ougxeheoaifcuetnmgrw.supabase.co/rest/v1/aste_svincolati?select=*&stato=eq.raccolta_offerte&scadenza=lte.2026-08-18T23%3A48%3A01.145Z&order=scadenza.asc | Deno/2.1.4 (variant; SupabaseEdgeRuntime/1.74.3),{},[],edge,0,null,[],null
04e56167-5004-45f8-acc5-0111b2ab1003,"""2026-08-18T23:48:01.472Z""",2026-08-18T23:48:01.472000,success,200,GET,,/rest/v1/aste_svincolati,GET | 200 | https://ougxeheoaifcuetnmgrw.supabase.co/rest/v1/aste_svincolati?select=id%2Cgiocatore%2Cquot%2Cscadenza%2Cpromemoria_1h_inviato&stato=eq.raccolta_offerte&scadenza=gt.2026-08-18T23%3A48%3A01.145Z&scadenza=lte.2026-08-19T00%3A48%3A01.145Z | Deno/2.1.4 (variant; SupabaseEdgeRuntime/1.74.3),{},[],edge,0,null,[],null
09733731-de65-4f6b-b2e2-2bfd6efa2eda,"""2026-08-18T23:48:01.180Z""",2026-08-18T23:48:01.180000,success,200,GET,,/rest/v1/chiamate,GET | 200 | https://ougxeheoaifcuetnmgrw.supabase.co/rest/v1/chiamate?select=giocatore%2Cquot%2Cper_vivaio%2Cscadenza_interesse%2Csquadra%2Ctipo&stato=eq.aperta&tipo=eq.prima&scadenza_interesse=lte.2026-08-18T23%3A48%3A01.145Z&order=scadenza_interesse.asc | Deno/2.1.4 (variant; SupabaseEdgeRuntime/1.74.3),{},[],edge,0,null,[],null
447ac4ae-cfa9-4599-846f-9e808da0f04a,"""2026-08-18T23:48:00.263Z""",2026-08-18T23:48:00.263000,success,00000,,,,cron job 2 completed: 1 row,{},[],postgres,0,null,[],null
43958781-96b4-4aa9-b98f-b24db762f22e,"""2026-08-18T23:48:00.047Z""",2026-08-18T23:48:00.047000,success,00000,,,,"cron job 2 starting: ",{},[],postgres,0,null,[],null
a241862a-45c1-4c80-9001-c8768c95d3e2,"""2026-08-18T23:47:55.287Z""",2026-08-18T23:47:55.287000,success,200,GET,,/rest/v1/stagione_svincoli,"GET | 200 | https://ougxeheoaifcuetnmgrw.supabase.co/rest/v1/stagione_svincoli?select=*&squadra=eq.Alcool+Campi&limit=1 | Mozilla/5.0 (Linux; Android 10; K) AppleWebKit/537.36 (KHTML, like Gecko) Chrome/151.0.0.0 Mobile Safari/537.36",{},[],edge,0,null,[],a7918e7b-c7c8-485e-bb52-b6eada062bff
2d610f47-9fb3-4669-8797-16181bac7ac5,"""2026-08-18T23:47:55.192Z""",2026-08-18T23:47:55.192000,success,200,GET,,/rest/v1/rosa,"GET | 200 | https://ougxeheoaifcuetnmgrw.supabase.co/rest/v1/rosa?select=*&in_prestito=eq.true&or=%28squadra.eq.Alcool+Campi%2Csquadra_originale.eq.Alcool+Campi%29 | Mozilla/5.0 (Linux; Android 10; K) AppleWebKit/537.36 (KHTML, like Gecko) Chrome/151.0.0.0 Mobile Safari/537.36",{},[],edge,0,null,[],a7918e7b-c7c8-485e-bb52-b6eada062bff
a7e731d6-bd77-4188-a460-197146dfcfd3,"""2026-08-18T23:47:55.187Z""",2026-08-18T23:47:55.187000,success,200,GET,,/rest/v1/svincoli,"GET | 200 | https://ougxeheoaifcuetnmgrw.supabase.co/rest/v1/svincoli?select=*&squadra=eq.Alcool+Campi&data_svincolo=gte.2026-06-01&data_svincolo=lte.2027-05-31&order=data_svincolo.asc | Mozilla/5.0 (Linux; Android 10; K) AppleWebKit/537.36 (KHTML, like Gecko) Chrome/151.0.0.0 Mobile Safari/537.36",{},[],edge,0,null,[],a7918e7b-c7c8-485e-bb52-b6eada062bff
3c91ff81-a041-4d8b-bc1d-439d6600149e,"""2026-08-18T23:47:55.185Z""",2026-08-18T23:47:55.185000,success,200,GET,,/rest/v1/svincoli,"GET | 200 | https://ougxeheoaifcuetnmgrw.supabase.co/rest/v1/svincoli?select=*&order=data_svincolo.desc&squadra=eq.Alcool+Campi | Mozilla/5.0 (Linux; Android 10; K) AppleWebKit/537.36 (KHTML, like Gecko) Chrome/151.0.0.0 Mobile Safari/537.36",{},[],edge,0,null,[],a7918e7b-c7c8-485e-bb52-b6eada062bff
6e90e3db-b64f-49b9-a891-bfca7f6ef884,"""2026-08-18T23:47:53.370Z""",2026-08-18T23:47:53.370000,success,200,GET,,/rest/v1/movimenti,"GET | 200 | https://ougxeheoaifcuetnmgrw.supabase.co/rest/v1/movimenti?select=*&squadra=eq.Alcool+Campi&data=gte.2026-08-01&order=data.desc%2Ccreated_at.desc | Mozilla/5.0 (Linux; Android 10; K) AppleWebKit/537.36 (KHTML, like Gecko) Chrome/151.0.0.0 Mobile Safari/537.36",{},[],edge,0,null,[],a7918e7b-c7c8-485e-bb52-b6eada062bff
7ea202b0-1528-42a4-8275-5fb11934b19c,"""2026-08-18T23:47:53.369Z""",2026-08-18T23:47:53.369000,success,200,GET,,/rest/v1/fair_spending,"GET | 200 | https://ougxeheoaifcuetnmgrw.supabase.co/rest/v1/fair_spending?select=*&squadra=eq.Alcool+Campi&order=created_at.desc | Mozilla/5.0 (Linux; Android 10; K) AppleWebKit/537.36 (KHTML, like Gecko) Chrome/151.0.0.0 Mobile Safari/537.36",{},[],edge,0,null,[],a7918e7b-c7c8-485e-bb52-b6eada062bff
03a86705-7dcc-4cae-aff5-9a03e6377760,"""2026-08-18T23:47:53.367Z""",2026-08-18T23:47:53.367000,success,200,GET,,/rest/v1/movimenti,"GET | 200 | https://ougxeheoaifcuetnmgrw.supabase.co/rest/v1/movimenti?select=id%2Cdata%2Cdescrizione%2Centrata%2Cuscita&squadra=eq.Alcool+Campi&data=gte.2026-02-16&data=lte.2026-09-15&order=data.desc | Mozilla/5.0 (Linux; Android 10; K) AppleWebKit/537.36 (KHTML, like Gecko) Chrome/151.0.0.0 Mobile Safari/537.36",{},[],edge,0,null,[],a7918e7b-c7c8-485e-bb52-b6eada062bff
35f2ee8f-00f8-444c-89d2-1d5720498fa6,"""2026-08-18T23:47:53.367Z""",2026-08-18T23:47:53.367000,success,200,GET,,/rest/v1/tasse_settimanali,"GET | 200 | https://ougxeheoaifcuetnmgrw.supabase.co/rest/v1/tasse_settimanali?select=*&squadra=eq.Alcool+Campi&order=data_controllo.desc | Mozilla/5.0 (Linux; Android 10; K) AppleWebKit/537.36 (KHTML, like Gecko) Chrome/151.0.0.0 Mobile Safari/537.36",{},[],edge,0,null,[],a7918e7b-c7c8-485e-bb52-b6eada062bff
7ae9394f-599a-4afa-bafd-9010a0ed8541,"""2026-08-18T23:47:53.366Z""",2026-08-18T23:47:53.366000,success,200,GET,,/rest/v1/movimenti,"GET | 200 | https://ougxeheoaifcuetnmgrw.supabase.co/rest/v1/movimenti?select=*&squadra=eq.Alcool+Campi&data=gte.2026-06-01&order=data.desc%2Ccreated_at.desc | Mozilla/5.0 (Linux; Android 10; K) AppleWebKit/537.36 (KHTML, like Gecko) Chrome/151.0.0.0 Mobile Safari/537.36",{},[],edge,0,null,[],a7918e7b-c7c8-485e-bb52-b6eada062bff
9a357b4e-003e-4097-b7a5-af2a23cf63b5,"""2026-08-18T23:47:52.150Z""",2026-08-18T23:47:52.150000,success,204,PATCH,,/rest/v1/squadre,"PATCH | 204 | https://ougxeheoaifcuetnmgrw.supabase.co/rest/v1/squadre?name=eq.Alcool+Campi | Mozilla/5.0 (Linux; Android 10; K) AppleWebKit/537.36 (KHTML, like Gecko) Chrome/151.0.0.0 Mobile Safari/537.36",{},[],edge,0,null,[],a7918e7b-c7c8-485e-bb52-b6eada062bff
c652d221-f522-4e8a-bd05-108433fbc24c,"""2026-08-18T23:47:52.041Z""",2026-08-18T23:47:52.041000,success,200,GET,,/rest/v1/stagione_svincoli,"GET | 200 | https://ougxeheoaifcuetnmgrw.supabase.co/rest/v1/stagione_svincoli?select=*&squadra=eq.Alcool+Campi&limit=1 | Mozilla/5.0 (Linux; Android 10; K) AppleWebKit/537.36 (KHTML, like Gecko) Chrome/151.0.0.0 Mobile Safari/537.36",{},[],edge,0,null,[],a7918e7b-c7c8-485e-bb52-b6eada062bff
0e2da9fd-bbc1-4ea4-85c9-8f2e65e20499,"""2026-08-18T23:47:51.854Z""",2026-08-18T23:47:51.854000,success,200,GET,,/rest/v1/rosa,"GET | 200 | https://ougxeheoaifcuetnmgrw.supabase.co/rest/v1/rosa?select=*&squadra=eq.Alcool+Campi&in_vivaio=eq.true&order=quot.desc | Mozilla/5.0 (Linux; Android 10; K) AppleWebKit/537.36 (KHTML, like Gecko) Chrome/151.0.0.0 Mobile Safari/537.36",{},[],edge,0,null,[],a7918e7b-c7c8-485e-bb52-b6eada062bff
9eb153ce-63ca-40bd-980c-3c09cbf1bd39,"""2026-08-18T23:47:51.720Z""",2026-08-18T23:47:51.720000,success,200,GET,,/rest/v1/investimenti,"GET | 200 | https://ougxeheoaifcuetnmgrw.supabase.co/rest/v1/investimenti?select=*&squadra=eq.Alcool+Campi&nome=eq.Clausola+Segreta&attivo=eq.true&stagione=eq.2026-27 | Mozilla/5.0 (Linux; Android 10; K) AppleWebKit/537.36 (KHTML, like Gecko) Chrome/151.0.0.0 Mobile Safari/537.36",{},[],edge,0,null,[],a7918e7b-c7c8-485e-bb52-b6eada062bff
49abe770-c794-41a8-9ec1-5e249c8d8c6b,"""2026-08-18T23:47:51.708Z""",2026-08-18T23:47:51.708000,success,200,GET,,/rest/v1/rosa,"GET | 200 | https://ougxeheoaifcuetnmgrw.supabase.co/rest/v1/rosa?select=*&squadra=eq.Alcool+Campi&in_vivaio=eq.true&order=quot.desc | Mozilla/5.0 (Linux; Android 10; K) AppleWebKit/537.36 (KHTML, like Gecko) Chrome/151.0.0.0 Mobile Safari/537.36",{},[],edge,0,null,[],a7918e7b-c7c8-485e-bb52-b6eada062bff
b3d15d1a-6feb-415a-b435-98d530926d1d,"""2026-08-18T23:47:51.704Z""",2026-08-18T23:47:51.704000,success,200,GET,,/rest/v1/svincoli,"GET | 200 | https://ougxeheoaifcuetnmgrw.supabase.co/rest/v1/svincoli?select=*&order=data_svincolo.desc&squadra=eq.Alcool+Campi | Mozilla/5.0 (Linux; Android 10; K) AppleWebKit/537.36 (KHTML, like Gecko) Chrome/151.0.0.0 Mobile Safari/537.36",{},[],edge,0,null,[],a7918e7b-c7c8-485e-bb52-b6eada062bff
a13335e5-203f-4530-9cfc-df6c1e7b71c4,"""2026-08-18T23:47:51.704Z""",2026-08-18T23:47:51.704000,success,200,GET,,/rest/v1/allenatori_carte,"GET | 200 | https://ougxeheoaifcuetnmgrw.supabase.co/rest/v1/allenatori_carte?select=stipendio_sc&squadra=eq.Alcool+Campi&limit=1 | Mozilla/5.0 (Linux; Android 10; K) AppleWebKit/537.36 (KHTML, like Gecko) Chrome/151.0.0.0 Mobile Safari/537.36",{},[],edge,0,null,[],a7918e7b-c7c8-485e-bb52-b6eada062bff
95a12756-2fc6-4bc1-bf96-c93fc0654148,"""2026-08-18T23:47:51.702Z""",2026-08-18T23:47:51.702000,success,200,GET,,/rest/v1/investimenti,"GET | 200 | https://ougxeheoaifcuetnmgrw.supabase.co/rest/v1/investimenti?select=stagione&squadra=eq.Alcool+Campi&nome=eq.Settore+Giovanile+Avanzato&attivo=eq.true | Mozilla/5.0 (Linux; Android 10; K) AppleWebKit/537.36 (KHTML, like Gecko) Chrome/151.0.0.0 Mobile Safari/537.36",{},[],edge,0,null,[],a7918e7b-c7c8-485e-bb52-b6eada062bff
ed2e6137-5cb4-4d11-a4e7-5e491e59c40a,"""2026-08-18T23:47:51.700Z""",2026-08-18T23:47:51.700000,success,200,GET,,/rest/v1/rosa,"GET | 200 | https://ougxeheoaifcuetnmgrw.supabase.co/rest/v1/rosa?select=*&in_vivaio=eq.true&squadra=eq.Alcool+Campi | Mozilla/5.0 (Linux; Android 10; K) AppleWebKit/537.36 (KHTML, like Gecko) Chrome/151.0.0.0 Mobile Safari/537.36",{},[],edge,0,null,[],a7918e7b-c7c8-485e-bb52-b6eada062bff
91c33607-2467-4611-a165-35273cf98865,"""2026-08-18T23:47:51.663Z""",2026-08-18T23:47:51.663000,success,200,GET,,/rest/v1/movimenti,"GET | 200 | https://ougxeheoaifcuetnmgrw.supabase.co/rest/v1/movimenti?select=*&squadra=eq.Alcool+Campi&data=gte.2026-06-01&order=data.desc%2Ccreated_at.desc | Mozilla/5.0 (Linux; Android 10; K) AppleWebKit/537.36 (KHTML, like Gecko) Chrome/151.0.0.0 Mobile Safari/537.36",{},[],edge,0,null,[],a7918e7b-c7c8-485e-bb52-b6eada062bff
d3403bb3-020b-4613-9a86-baf024555923,"""2026-08-18T23:47:51.254Z""",2026-08-18T23:47:51.254000,success,200,GET,,/rest/v1/stagione_svincoli,"GET | 200 | https://ougxeheoaifcuetnmgrw.supabase.co/rest/v1/stagione_svincoli?select=*&squadra=eq.Alcool+Campi&limit=1 | Mozilla/5.0 (Linux; Android 10; K) AppleWebKit/537.36 (KHTML, like Gecko) Chrome/151.0.0.0 Mobile Safari/537.36",{},[],edge,0,null,[],a7918e7b-c7c8-485e-bb52-b6eada062bff
508b3cb1-978e-435c-bd17-9d2209d54b98,"""2026-08-18T23:47:51.251Z""",2026-08-18T23:47:51.251000,success,200,GET,,/rest/v1/rosa,"GET | 200 | https://ougxeheoaifcuetnmgrw.supabase.co/rest/v1/rosa?select=*&in_prestito=eq.true&or=%28squadra.eq.Alcool+Campi%2Csquadra_originale.eq.Alcool+Campi%29 | Mozilla/5.0 (Linux; Android 10; K) AppleWebKit/537.36 (KHTML, like Gecko) Chrome/151.0.0.0 Mobile Safari/537.36",{},[],edge,0,null,[],a7918e7b-c7c8-485e-bb52-b6eada062bff
d1adac46-4017-438f-b648-5182a2e8887d,"""2026-08-18T23:47:51.250Z""",2026-08-18T23:47:51.250000,success,200,GET,,/rest/v1/svincoli,"GET | 200 | https://ougxeheoaifcuetnmgrw.supabase.co/rest/v1/svincoli?select=*&squadra=eq.Alcool+Campi&data_svincolo=gte.2026-06-01&data_svincolo=lte.2027-05-31&order=data_svincolo.asc | Mozilla/5.0 (Linux; Android 10; K) AppleWebKit/537.36 (KHTML, like Gecko) Chrome/151.0.0.0 Mobile Safari/537.36",{},[],edge,0,null,[],a7918e7b-c7c8-485e-bb52-b6eada062bff
dba5c506-c5e6-4eb4-b6b2-b174bb5eb572,"""2026-08-18T23:47:51.243Z""",2026-08-18T23:47:51.243000,success,200,GET,,/rest/v1/investimenti,"GET | 200 | https://ougxeheoaifcuetnmgrw.supabase.co/rest/v1/investimenti?select=*&squadra=eq.Alcool+Campi&nome=eq.SuperClub&attivo=eq.true&stagione=eq.2026-27 | Mozilla/5.0 (Linux; Android 10; K) AppleWebKit/537.36 (KHTML, like Gecko) Chrome/151.0.0.0 Mobile Safari/537.36",{},[],edge,0,null,[],a7918e7b-c7c8-485e-bb52-b6eada062bff
761b198d-0ee2-4eca-9a7e-52b026db67fe,"""2026-08-18T23:47:51.141Z""",2026-08-18T23:47:51.141000,success,200,GET,,/rest/v1/investimenti,"GET | 200 | https://ougxeheoaifcuetnmgrw.supabase.co/rest/v1/investimenti?select=*&squadra=eq.Alcool+Campi&nome=eq.Deroga+U-21&attivo=eq.true&stagione=eq.2026-27 | Mozilla/5.0 (Linux; Android 10; K) AppleWebKit/537.36 (KHTML, like Gecko) Chrome/151.0.0.0 Mobile Safari/537.36",{},[],edge,0,null,[],a7918e7b-c7c8-485e-bb52-b6eada062bff
0f02f114-f01b-4089-bfce-bf26aceaf379,"""2026-08-18T23:47:50.412Z""",2026-08-18T23:47:50.412447,success,200,,,,Schema cache loaded in 20.0 milliseconds,{},[],postgrest,0,null,[],null
58dfdf7a-3f42-4f39-beaa-5c7e211116b6,"""2026-08-18T23:47:50.410Z""",2026-08-18T23:47:50.410341,success,200,,,,"Schema cache loaded 46 Relations, 17 Relationships, 7 Functions, 0 Domain Representations, 4 Media Type Handlers, 1196 Timezones",{},[],postgrest,0,null,[],null
3ea44b23-02e5-4ed7-9f57-c1aedfa1485e,"""2026-08-18T23:47:50.386Z""",2026-08-18T23:47:50.386644,success,200,,,,Schema cache queried in 7406.9 milliseconds,{},[],postgrest,0,null,[],null
9f8ba8e4-a56d-4b6a-a613-540f5b4b24ba,"""2026-08-18T23:47:47.640Z""",2026-08-18T23:47:47.640000,success,200,GET,,/rest/v1/movimenti,"GET | 200 | https://ougxeheoaifcuetnmgrw.supabase.co/rest/v1/movimenti?select=*&squadra=eq.Alcool+Campi&data=gte.2026-08-01&order=data.desc%2Ccreated_at.desc | Mozilla/5.0 (Linux; Android 10; K) AppleWebKit/537.36 (KHTML, like Gecko) Chrome/151.0.0.0 Mobile Safari/537.36",{},[],edge,0,null,[],a7918e7b-c7c8-485e-bb52-b6eada062bff
e54523b5-0268-4159-8874-a36f29de9ec5,"""2026-08-18T23:47:47.639Z""",2026-08-18T23:47:47.639000,success,200,GET,,/rest/v1/movimenti,"GET | 200 | https://ougxeheoaifcuetnmgrw.supabase.co/rest/v1/movimenti?select=id%2Cdata%2Cdescrizione%2Centrata%2Cuscita&squadra=eq.Alcool+Campi&data=gte.2026-02-16&data=lte.2026-09-15&order=data.desc | Mozilla/5.0 (Linux; Android 10; K) AppleWebKit/537.36 (KHTML, like Gecko) Chrome/151.0.0.0 Mobile Safari/537.36",{},[],edge,0,null,[],a7918e7b-c7c8-485e-bb52-b6eada062bff
29b9de33-2616-460c-aceb-b3ae0525730c,"""2026-08-18T23:47:47.637Z""",2026-08-18T23:47:47.637000,success,200,GET,,/rest/v1/tasse_settimanali,"GET | 200 | https://ougxeheoaifcuetnmgrw.supabase.co/rest/v1/tasse_settimanali?select=*&squadra=eq.Alcool+Campi&order=data_controllo.desc | Mozilla/5.0 (Linux; Android 10; K) AppleWebKit/537.36 (KHTML, like Gecko) Chrome/151.0.0.0 Mobile Safari/537.36",{},[],edge,0,null,[],a7918e7b-c7c8-485e-bb52-b6eada062bff
22cc6cb1-aec4-417b-a7ce-2513cdd15cbb,"""2026-08-18T23:47:47.631Z""",2026-08-18T23:47:47.631000,success,200,GET,,/rest/v1/fair_spending,"GET | 200 | https://ougxeheoaifcuetnmgrw.supabase.co/rest/v1/fair_spending?select=*&squadra=eq.Alcool+Campi&order=created_at.desc | Mozilla/5.0 (Linux; Android 10; K) AppleWebKit/537.36 (KHTML, like Gecko) Chrome/151.0.0.0 Mobile Safari/537.36",{},[],edge,0,null,[],a7918e7b-c7c8-485e-bb52-b6eada062bff
b96600cb-9fa5-47a6-a583-dd7450e46db3,"""2026-08-18T23:47:47.594Z""",2026-08-18T23:47:47.594000,success,200,OPTIONS,,/rest/v1/tasse_settimanali,"OPTIONS | 200 | https://ougxeheoaifcuetnmgrw.supabase.co/rest/v1/tasse_settimanali?select=*&squadra=eq.Alcool+Campi&order=data_controllo.desc | Mozilla/5.0 (Linux; Android 10; K) AppleWebKit/537.36 (KHTML, like Gecko) Chrome/151.0.0.0 Mobile Safari/537.36",{},[],edge,0,null,[],null
7ca5b910-ff6f-4009-b188-874b3b9eba75,"""2026-08-18T23:47:47.592Z""",2026-08-18T23:47:47.592000,success,200,OPTIONS,,/rest/v1/fair_spending,"OPTIONS | 200 | https://ougxeheoaifcuetnmgrw.supabase.co/rest/v1/fair_spending?select=*&squadra=eq.Alcool+Campi&order=created_at.desc | Mozilla/5.0 (Linux; Android 10; K) AppleWebKit/537.36 (KHTML, like Gecko) Chrome/151.0.0.0 Mobile Safari/537.36",{},[],edge,0,null,[],null
2d36a85d-6e37-4fe3-9a52-b73f952d7dbc,"""2026-08-18T23:47:47.591Z""",2026-08-18T23:47:47.591000,success,200,OPTIONS,,/rest/v1/movimenti,"OPTIONS | 200 | https://ougxeheoaifcuetnmgrw.supabase.co/rest/v1/movimenti?select=*&squadra=eq.Alcool+Campi&data=gte.2026-08-01&order=data.desc%2Ccreated_at.desc | Mozilla/5.0 (Linux; Android 10; K) AppleWebKit/537.36 (KHTML, like Gecko) Chrome/151.0.0.0 Mobile Safari/537.36",{},[],edge,0,null,[],null
7e801ca5-689d-4785-9dae-12400776fbc0,"""2026-08-18T23:47:47.590Z""",2026-08-18T23:47:47.590000,success,200,OPTIONS,,/rest/v1/movimenti,"OPTIONS | 200 | https://ougxeheoaifcuetnmgrw.supabase.co/rest/v1/movimenti?select=id%2Cdata%2Cdescrizione%2Centrata%2Cuscita&squadra=eq.Alcool+Campi&data=gte.2026-02-16&data=lte.2026-09-15&order=data.desc | Mozilla/5.0 (Linux; Android 10; K) AppleWebKit/537.36 (KHTML, like Gecko) Chrome/151.0.0.0 Mobile Safari/537.36",{},[],edge,0,null,[],null
23f796ec-e9d5-4000-b223-37b6f3656b2e,"""2026-08-18T23:47:47.589Z""",2026-08-18T23:47:47.589000,success,200,GET,,/rest/v1/movimenti,"GET | 200 | https://ougxeheoaifcuetnmgrw.supabase.co/rest/v1/movimenti?select=*&squadra=eq.Alcool+Campi&data=gte.2026-06-01&order=data.desc%2Ccreated_at.desc | Mozilla/5.0 (Linux; Android 10; K) AppleWebKit/537.36 (KHTML, like Gecko) Chrome/151.0.0.0 Mobile Safari/537.36",{},[],edge,0,null,[],a7918e7b-c7c8-485e-bb52-b6eada062bff
b9568c31-ce70-467f-b41d-ca83637019b5,"""2026-08-18T23:47:44.541Z""",2026-08-18T23:47:44.541000,success,200,GET,,/rest/v1/movimenti,"GET | 200 | https://ougxeheoaifcuetnmgrw.supabase.co/rest/v1/movimenti?select=*&squadra=eq.Alcool+Campi&order=data.desc%2Ccreated_at.desc | Mozilla/5.0 (Linux; Android 10; K) AppleWebKit/537.36 (KHTML, like Gecko) Chrome/151.0.0.0 Mobile Safari/537.36",{},[],edge,0,null,[],a7918e7b-c7c8-485e-bb52-b6eada062bff
0b933076-e4eb-4ce8-873d-170b2b2706aa,"""2026-08-18T23:47:44.539Z""",2026-08-18T23:47:44.539000,success,200,GET,,/rest/v1/allenatori_carte,"GET | 200 | https://ougxeheoaifcuetnmgrw.supabase.co/rest/v1/allenatori_carte?select=*&squadra=eq.Alcool+Campi&stagione=eq.2026-27&limit=1 | Mozilla/5.0 (Linux; Android 10; K) AppleWebKit/537.36 (KHTML, like Gecko) Chrome/151.0.0.0 Mobile Safari/537.36",{},[],edge,0,null,[],a7918e7b-c7c8-485e-bb52-b6eada062bff
3f2952b7-9694-4b81-9df7-ebe58d7ae901,"""2026-08-18T23:47:44.538Z""",2026-08-18T23:47:44.538000,success,200,GET,,/rest/v1/club_identity,"GET | 200 | https://ougxeheoaifcuetnmgrw.supabase.co/rest/v1/club_identity?select=*&squadra=eq.Alcool+Campi&limit=1 | Mozilla/5.0 (Linux; Android 10; K) AppleWebKit/537.36 (KHTML, like Gecko) Chrome/151.0.0.0 Mobile Safari/537.36",{},[],edge,0,null,[],a7918e7b-c7c8-485e-bb52-b6eada062bff
9dbc495f-2aee-499b-83b7-c81beabc093a,"""2026-08-18T23:47:44.538Z""",2026-08-18T23:47:44.538000,success,200,GET,,/rest/v1/obiettivi,"GET | 200 | https://ougxeheoaifcuetnmgrw.supabase.co/rest/v1/obiettivi?select=*&squadra=eq.Alcool+Campi&order=ordine.asc | Mozilla/5.0 (Linux; Android 10; K) AppleWebKit/537.36 (KHTML, like Gecko) Chrome/151.0.0.0 Mobile Safari/537.36",{},[],edge,0,null,[],a7918e7b-c7c8-485e-bb52-b6eada062bff
29751da2-5e1a-47a4-ba12-7ad979ee3125,"""2026-08-18T23:47:44.537Z""",2026-08-18T23:47:44.537000,success,200,GET,,/rest/v1/allenatori_carte,"GET | 200 | https://ougxeheoaifcuetnmgrw.supabase.co/rest/v1/allenatori_carte?select=stipendio_sc&squadra=eq.Alcool+Campi&limit=1 | Mozilla/5.0 (Linux; Android 10; K) AppleWebKit/537.36 (KHTML, like Gecko) Chrome/151.0.0.0 Mobile Safari/537.36",{},[],edge,0,null,[],a7918e7b-c7c8-485e-bb52-b6eada062bff
de638776-f533-4993-8aa5-7dd9a10c3f47,"""2026-08-18T23:47:44.537Z""",2026-08-18T23:47:44.537000,success,200,GET,,/rest/v1/rosa,"GET | 200 | https://ougxeheoaifcuetnmgrw.supabase.co/rest/v1/rosa?select=*&squadra=eq.Alcool+Campi&anni_contratto=eq.2&in_vivaio=eq.false | Mozilla/5.0 (Linux; Android 10; K) AppleWebKit/537.36 (KHTML, like Gecko) Chrome/151.0.0.0 Mobile Safari/537.36",{},[],edge,0,null,[],a7918e7b-c7c8-485e-bb52-b6eada062bff
4337f737-5a66-43c2-be0f-2cd13647419b,"""2026-08-18T23:47:44.534Z""",2026-08-18T23:47:44.534000,success,200,GET,,/rest/v1/investimenti,"GET | 200 | https://ougxeheoaifcuetnmgrw.supabase.co/rest/v1/investimenti?select=*&squadra=eq.Alcool+Campi&nome=eq.Clausola+Segreta&attivo=eq.true&stagione=eq.2026-27 | Mozilla/5.0 (Linux; Android 10; K) AppleWebKit/537.36 (KHTML, like Gecko) Chrome/151.0.0.0 Mobile Safari/537.36",{},[],edge,0,null,[],a7918e7b-c7c8-485e-bb52-b6eada062bff
af53d404-d21d-48dc-b4c9-ef6d50372964,"""2026-08-18T23:47:44.532Z""",2026-08-18T23:47:44.532000,success,200,GET,,/rest/v1/investimenti,"GET | 200 | https://ougxeheoaifcuetnmgrw.supabase.co/rest/v1/investimenti?select=*&squadra=eq.Alcool+Campi&nome=eq.Deroga+U-21&attivo=eq.true&stagione=eq.2026-27 | Mozilla/5.0 (Linux; Android 10; K) AppleWebKit/537.36 (KHTML, like Gecko) Chrome/151.0.0.0 Mobile Safari/537.36",{},[],edge,0,null,[],a7918e7b-c7c8-485e-bb52-b6eada062bff
62237d79-6e7f-44e3-8ab0-70ca231954c0,"""2026-08-18T23:47:44.532Z""",2026-08-18T23:47:44.532000,success,200,GET,,/rest/v1/investimenti,"GET | 200 | https://ougxeheoaifcuetnmgrw.supabase.co/rest/v1/investimenti?select=*&squadra=eq.Alcool+Campi&nome=eq.SuperClub&attivo=eq.true&stagione=eq.2026-27 | Mozilla/5.0 (Linux; Android 10; K) AppleWebKit/537.36 (KHTML, like Gecko) Chrome/151.0.0.0 Mobile Safari/537.36",{},[],edge,0,null,[],a7918e7b-c7c8-485e-bb52-b6eada062bff
c74d7405-534d-45a9-aa3a-e3d5b7e947e3,"""2026-08-18T23:47:44.531Z""",2026-08-18T23:47:44.531000,success,200,GET,,/rest/v1/investimenti,"GET | 200 | https://ougxeheoaifcuetnmgrw.supabase.co/rest/v1/investimenti?select=stagione&squadra=eq.Alcool+Campi&nome=eq.Settore+Giovanile+Avanzato&attivo=eq.true | Mozilla/5.0 (Linux; Android 10; K) AppleWebKit/537.36 (KHTML, like Gecko) Chrome/151.0.0.0 Mobile Safari/537.36",{},[],edge,0,null,[],a7918e7b-c7c8-485e-bb52-b6eada062bff
cab347f4-4c03-4535-9c56-26ac70a95e55,"""2026-08-18T23:47:44.531Z""",2026-08-18T23:47:44.531000,success,200,GET,,/rest/v1/rosa,"GET | 200 | https://ougxeheoaifcuetnmgrw.supabase.co/rest/v1/rosa?select=*&in_prestito=eq.true&or=%28squadra.eq.Alcool+Campi%2Csquadra_originale.eq.Alcool+Campi%29 | Mozilla/5.0 (Linux; Android 10; K) AppleWebKit/537.36 (KHTML, like Gecko) Chrome/151.0.0.0 Mobile Safari/537.36",{},[],edge,0,null,[],a7918e7b-c7c8-485e-bb52-b6eada062bff
c1656048-1a09-4005-a94e-425cae71b639,"""2026-08-18T23:47:44.529Z""",2026-08-18T23:47:44.529000,success,200,GET,,/rest/v1/svincoli,"GET | 200 | https://ougxeheoaifcuetnmgrw.supabase.co/rest/v1/svincoli?select=*&squadra=eq.Alcool+Campi&data_svincolo=gte.2026-06-01&data_svincolo=lte.2027-05-31&order=data_svincolo.asc | Mozilla/5.0 (Linux; Android 10; K) AppleWebKit/537.36 (KHTML, like Gecko) Chrome/151.0.0.0 Mobile Safari/537.36",{},[],edge,0,null,[],a7918e7b-c7c8-485e-bb52-b6eada062bff
e5d03429-43c2-4e62-8cb7-0b9277df9bf2,"""2026-08-18T23:47:44.529Z""",2026-08-18T23:47:44.529000,success,200,GET,,/rest/v1/svincoli,"GET | 200 | https://ougxeheoaifcuetnmgrw.supabase.co/rest/v1/svincoli?select=*&order=data_svincolo.desc&squadra=eq.Alcool+Campi | Mozilla/5.0 (Linux; Android 10; K) AppleWebKit/537.36 (KHTML, like Gecko) Chrome/151.0.0.0 Mobile Safari/537.36",{},[],edge,0,null,[],a7918e7b-c7c8-485e-bb52-b6eada062bff
91b7f92f-6f6f-466b-908e-90389e6eafb6,"""2026-08-18T23:47:44.528Z""",2026-08-18T23:47:44.528000,success,200,GET,,/rest/v1/rosa,"GET | 200 | https://ougxeheoaifcuetnmgrw.supabase.co/rest/v1/rosa?select=*&in_vivaio=eq.true&squadra=eq.Alcool+Campi | Mozilla/5.0 (Linux; Android 10; K) AppleWebKit/537.36 (KHTML, like Gecko) Chrome/151.0.0.0 Mobile Safari/537.36",{},[],edge,0,null,[],a7918e7b-c7c8-485e-bb52-b6eada062bff
8dbaaeae-5a2b-4bb9-b1b6-df606850f20d,"""2026-08-18T23:47:44.525Z""",2026-08-18T23:47:44.525000,success,200,GET,,/rest/v1/telegram_registrations,"GET | 200 | https://ougxeheoaifcuetnmgrw.supabase.co/rest/v1/telegram_registrations?select=chat_id%2Cusername%2Cregistered_at&squadra=eq.Alcool+Campi | Mozilla/5.0 (Linux; Android 10; K) AppleWebKit/537.36 (KHTML, like Gecko) Chrome/151.0.0.0 Mobile Safari/537.36",{},[],edge,0,null,[],a7918e7b-c7c8-485e-bb52-b6eada062bff
2bb44dab-e9bb-45b1-b023-db91c84c1e9b,"""2026-08-18T23:47:42.770Z""",2026-08-18T23:47:42.770742,success,200,,,,Config reloaded,{},[],postgrest,0,null,[],null
dad0edb3-d982-40c0-9379-0200ed00e8f0,"""2026-08-18T23:47:42.323Z""",2026-08-18T23:47:42.323279,success,200,,,,Connection Pool initialized with a maximum size of 10 connections,{},[],postgrest,0,null,[],null
45500133-1f30-4e7a-877d-5e2c3900b1d1,"""2026-08-18T23:47:42.323Z""",2026-08-18T23:47:42.323279,success,200,,,,"Successfully connected to PostgreSQL 17.6 on aarch64-unknown-linux-gnu, compiled by gcc (GCC) 15.2.0, 64-bit",{},[],postgrest,0,null,[],null
dbf3156b-ee50-4d41-b2be-17c3474ada08,"""2026-08-18T23:47:41.851Z""",2026-08-18T23:47:41.851537,success,200,,,,Schema cache loaded in 31.1 milliseconds,{},[],postgrest,0,null,[],null
548854b6-6e9b-4ccc-bad3-9315c324688f,"""2026-08-18T23:47:41.850Z""",2026-08-18T23:47:41.850239,success,200,,,,"Schema cache loaded 46 Relations, 17 Relationships, 7 Functions, 0 Domain Representations, 4 Media Type Handlers, 1196 Timezones",{},[],postgrest,0,null,[],null
0653850f-c890-4523-a4be-f389acf2d9aa,"""2026-08-18T23:47:41.819Z""",2026-08-18T23:47:41.819121,success,200,,,,Schema cache queried in 2275.7 milliseconds,{},[],postgrest,0,null,[],null
78800cf4-069f-4733-bb39-00d2550024a0,"""2026-08-18T23:47:40.752Z""",2026-08-18T23:47:40.752000,success,200,GET,,/rest/v1/listone,"GET | 200 | https://ougxeheoaifcuetnmgrw.supabase.co/rest/v1/listone?select=*&nome=ilike.McKennie | Mozilla/5.0 (Linux; Android 10; K) AppleWebKit/537.36 (KHTML, like Gecko) Chrome/151.0.0.0 Mobile Safari/537.36",{},[],edge,0,null,[],a7918e7b-c7c8-485e-bb52-b6eada062bff
bc2433e6-7d8d-4d3d-8255-df5e221f88b6,"""2026-08-18T23:47:40.627Z""",2026-08-18T23:47:40.627000,success,200,GET,,/rest/v1/trattative_bonus,"GET | 200 | https://ougxeheoaifcuetnmgrw.supabase.co/rest/v1/trattative_bonus?select=*&trattativa_id=eq.70 | Mozilla/5.0 (Linux; Android 10; K) AppleWebKit/537.36 (KHTML, like Gecko) Chrome/151.0.0.0 Mobile Safari/537.36",{},[],edge,0,null,[],a7918e7b-c7c8-485e-bb52-b6eada062bff
33e27e61-0e9b-4bfe-a881-e0cc55fba191,"""2026-08-18T23:47:40.529Z""",2026-08-18T23:47:40.529000,success,200,GET,,/rest/v1/listone,"GET | 200 | https://ougxeheoaifcuetnmgrw.supabase.co/rest/v1/listone?select=*&nome=ilike.Taylor+K. | Mozilla/5.0 (Linux; Android 10; K) AppleWebKit/537.36 (KHTML, like Gecko) Chrome/151.0.0.0 Mobile Safari/537.36",{},[],edge,0,null,[],a7918e7b-c7c8-485e-bb52-b6eada062bff
1c14b901-0235-4d02-849a-379cc2d2724c,"""2026-08-18T23:47:40.521Z""",2026-08-18T23:47:40.521000,success,200,GET,,/rest/v1/listone,"GET | 200 | https://ougxeheoaifcuetnmgrw.supabase.co/rest/v1/listone?select=*&nome=ilike.McKennie | Mozilla/5.0 (Linux; Android 10; K) AppleWebKit/537.36 (KHTML, like Gecko) Chrome/151.0.0.0 Mobile Safari/537.36",{},[],edge,0,null,[],a7918e7b-c7c8-485e-bb52-b6eada062bff
a416bca7-3929-4692-a16a-b223f6a0dfdb,"""2026-08-18T23:47:40.428Z""",2026-08-18T23:47:40.428000,success,200,GET,,/rest/v1/trattative_bonus,"GET | 200 | https://ougxeheoaifcuetnmgrw.supabase.co/rest/v1/trattative_bonus?select=*&trattativa_id=eq.69 | Mozilla/5.0 (Linux; Android 10; K) AppleWebKit/537.36 (KHTML, like Gecko) Chrome/151.0.0.0 Mobile Safari/537.36",{},[],edge,0,null,[],a7918e7b-c7c8-485e-bb52-b6eada062bff
aa240c63-9be0-4842-9a1c-9ba8595277e9,"""2026-08-18T23:47:40.351Z""",2026-08-18T23:47:40.351000,success,200,GET,,/rest/v1/trattative_bonus,"GET | 200 | https://ougxeheoaifcuetnmgrw.supabase.co/rest/v1/trattative_bonus?select=*&trattativa_id=eq.70 | Mozilla/5.0 (Linux; Android 10; K) AppleWebKit/537.36 (KHTML, like Gecko) Chrome/151.0.0.0 Mobile Safari/537.36",{},[],edge,0,null,[],a7918e7b-c7c8-485e-bb52-b6eada062bff
56f907f5-5b76-4bc9-8fc3-8d7f53d58f33,"""2026-08-18T23:47:40.338Z""",2026-08-18T23:47:40.338000,success,200,GET,,/rest/v1/rosa,"GET | 200 | https://ougxeheoaifcuetnmgrw.supabase.co/rest/v1/rosa?select=*&squadra=eq.Alcool+Campi&order=ruolo.asc | Mozilla/5.0 (Linux; Android 10; K) AppleWebKit/537.36 (KHTML, like Gecko) Chrome/151.0.0.0 Mobile Safari/537.36",{},[],edge,0,null,[],a7918e7b-c7c8-485e-bb52-b6eada062bff
77cfd48d-4283-4992-b18b-5cf6a1954867,"""2026-08-18T23:47:39.539Z""",2026-08-18T23:47:39.539440,success,200,,,,Config reloaded,{},[],postgrest,0,null,[],null
5ec87d9a-f9ca-4e6e-9331-557c2600a09d,"""2026-08-18T23:47:38.770Z""",2026-08-18T23:47:38.770413,success,200,,,,Connection Pool initialized with a maximum size of 10 connections,{},[],postgrest,0,null,[],null
67065e08-011b-4b21-a175-a869db10c5a1,"""2026-08-18T23:47:38.760Z""",2026-08-18T23:47:38.760000,success,200,GET,,/rest/v1/listone,"GET | 200 | https://ougxeheoaifcuetnmgrw.supabase.co/rest/v1/listone?select=*&nome=ilike.Mancini | Mozilla/5.0 (Linux; Android 10; K) AppleWebKit/537.36 (KHTML, like Gecko) Chrome/151.0.0.0 Mobile Safari/537.36",{},[],edge,0,null,[],a7918e7b-c7c8-485e-bb52-b6eada062bff
ce7a6834-9539-425e-aef6-aad20e9b372e,"""2026-08-18T23:47:38.750Z""",2026-08-18T23:47:38.750000,success,200,GET,,/rest/v1/listone,"GET | 200 | https://ougxeheoaifcuetnmgrw.supabase.co/rest/v1/listone?select=*&nome=ilike.Taylor+K. | Mozilla/5.0 (Linux; Android 10; K) AppleWebKit/537.36 (KHTML, like Gecko) Chrome/151.0.0.0 Mobile Safari/537.36",{},[],edge,0,null,[],a7918e7b-c7c8-485e-bb52-b6eada062bff
50e38b6d-b9a7-4cbc-b25f-bc34a83af4cf,"""2026-08-18T23:47:38.745Z""",2026-08-18T23:47:38.745000,success,200,GET,,/rest/v1/rosa,"GET | 200 | https://ougxeheoaifcuetnmgrw.supabase.co/rest/v1/rosa?select=id%2Cnome%2Csquadra_originale%2Crescissione_prestito_scadenza&in_prestito=eq.true&rescissione_prestito_attiva=eq.true&rescissione_prestito_scadenza=lte.2026-08-18 | Mozilla/5.0 (Linux; Android 10; K) AppleWebKit/537.36 (KHTML, like Gecko) Chrome/151.0.0.0 Mobile Safari/537.36",{},[],edge,0,null,[],a7918e7b-c7c8-485e-bb52-b6eada062bff
3eca94f6-a4e1-43a1-a0b2-85622338deb7,"""2026-08-18T23:47:38.736Z""",2026-08-18T23:47:38.736585,success,200,,,,"Successfully connected to PostgreSQL 17.6 on aarch64-unknown-linux-gnu, compiled by gcc (GCC) 15.2.0, 64-bit",{},[],postgrest,0,null,[],null
9038cf06-d92d-46d1-99e9-44a60c47369c,"""2026-08-18T23:47:37.554Z""",2026-08-18T23:47:37.554000,success,200,GET,,/rest/v1/trattative_bonus,"GET | 200 | https://ougxeheoaifcuetnmgrw.supabase.co/rest/v1/trattative_bonus?select=*&trattativa_id=eq.61 | Mozilla/5.0 (Linux; Android 10; K) AppleWebKit/537.36 (KHTML, like Gecko) Chrome/151.0.0.0 Mobile Safari/537.36",{},[],edge,0,null,[],a7918e7b-c7c8-485e-bb52-b6eada062bff
c539e504-934e-4916-93be-983025af1fe6,"""2026-08-18T23:47:37.553Z""",2026-08-18T23:47:37.553000,success,200,GET,,/rest/v1/trattative_bonus,"GET | 200 | https://ougxeheoaifcuetnmgrw.supabase.co/rest/v1/trattative_bonus?select=*&trattativa_id=eq.69 | Mozilla/5.0 (Linux; Android 10; K) AppleWebKit/537.36 (KHTML, like Gecko) Chrome/151.0.0.0 Mobile Safari/537.36",{},[],edge,0,null,[],a7918e7b-c7c8-485e-bb52-b6eada062bff
8f9f9254-e12b-47cf-9cd9-6a0e0a1dc593,"""2026-08-18T23:47:37.248Z""",2026-08-18T23:47:37.248000,success,200,GET,,/rest/v1/listone,"GET | 200 | https://ougxeheoaifcuetnmgrw.supabase.co/rest/v1/listone?select=*&nome=ilike.Mancini | Mozilla/5.0 (Linux; Android 10; K) AppleWebKit/537.36 (KHTML, like Gecko) Chrome/151.0.0.0 Mobile Safari/537.36",{},[],edge,0,null,[],a7918e7b-c7c8-485e-bb52-b6eada062bff
1f1924a2-dd2d-4300-a9e0-d1486c681a78,"""2026-08-18T23:47:36.973Z""",2026-08-18T23:47:36.973365,success,200,,,,"Received a schema cache reload message on the ""pgrst"" channel",{},[],postgrest,0,null,[],null
a1ad19f9-3e07-4c55-b1d8-0aa617981112,"""2026-08-18T23:47:36.959Z""",2026-08-18T23:47:36.959723,success,200,,,,"Received a schema cache reload message on the ""pgrst"" channel",{},[],postgrest,0,null,[],null
2ae92660-504e-4552-81d7-9405ba221ccd,"""2026-08-18T23:47:36.950Z""",2026-08-18T23:47:36.950073,success,200,,,,"Received a schema cache reload message on the ""pgrst"" channel",{},[],postgrest,0,null,[],null
57353351-6d40-4c7e-bf32-0451d1b20762,"""2026-08-18T23:47:36.930Z""",2026-08-18T23:47:36.930798,success,200,,,,"Received a schema cache reload message on the ""pgrst"" channel",{},[],postgrest,0,null,[],null
ecd57f59-5c23-45c7-b943-0a6ec27aecdb,"""2026-08-18T23:47:36.907Z""",2026-08-18T23:47:36.907000,success,200,GET,,/rest/v1/investimenti,"GET | 200 | https://ougxeheoaifcuetnmgrw.supabase.co/rest/v1/investimenti?select=squadra&nome=eq.SuperClub&attivo=eq.true&stagione=eq.2026-27 | Mozilla/5.0 (Linux; Android 10; K) AppleWebKit/537.36 (KHTML, like Gecko) Chrome/151.0.0.0 Mobile Safari/537.36",{},[],edge,0,null,[],a7918e7b-c7c8-485e-bb52-b6eada062bff
f87ea061-2457-44d2-9840-316e0c629e08,"""2026-08-18T23:47:36.906Z""",2026-08-18T23:47:36.906000,success,200,GET,,/rest/v1/allenatori_carte,"GET | 200 | https://ougxeheoaifcuetnmgrw.supabase.co/rest/v1/allenatori_carte?select=*&stagione=eq.2026-27&order=nome.asc | Mozilla/5.0 (Linux; Android 10; K) AppleWebKit/537.36 (KHTML, like Gecko) Chrome/151.0.0.0 Mobile Safari/537.36",{},[],edge,0,null,[],a7918e7b-c7c8-485e-bb52-b6eada062bff
8dc91598-2fe6-48f5-af44-db8bff5a849b,"""2026-08-18T23:47:36.905Z""",2026-08-18T23:47:36.905000,success,200,GET,,/rest/v1/rosa,"GET | 200 | https://ougxeheoaifcuetnmgrw.supabase.co/rest/v1/rosa?select=squadra%2Cquot%2Canni_contratto%2Canni%2Cin_vivaio | Mozilla/5.0 (Linux; Android 10; K) AppleWebKit/537.36 (KHTML, like Gecko) Chrome/151.0.0.0 Mobile Safari/537.36",{},[],edge,0,null,[],a7918e7b-c7c8-485e-bb52-b6eada062bff
ff9ce21a-1cdd-4f4e-95b0-0001d2db1fc0,"""2026-08-18T23:47:36.904Z""",2026-08-18T23:47:36.904000,success,200,GET,,/rest/v1/rosa,"GET | 200 | https://ougxeheoaifcuetnmgrw.supabase.co/rest/v1/rosa?select=*&in_vivaio=eq.true&squadra=eq.Alcool+Campi | Mozilla/5.0 (Linux; Android 10; K) AppleWebKit/537.36 (KHTML, like Gecko) Chrome/151.0.0.0 Mobile Safari/537.36",{},[],edge,0,null,[],a7918e7b-c7c8-485e-bb52-b6eada062bff
9606fffb-40ad-4756-8c32-188d6f8029d0,"""2026-08-18T23:47:36.903Z""",2026-08-18T23:47:36.903000,success,200,GET,,/rest/v1/classifica,"GET | 200 | https://ougxeheoaifcuetnmgrw.supabase.co/rest/v1/classifica?select=*&order=pt.desc | Mozilla/5.0 (Linux; Android 10; K) AppleWebKit/537.36 (KHTML, like Gecko) Chrome/151.0.0.0 Mobile Safari/537.36",{},[],edge,0,null,[],a7918e7b-c7c8-485e-bb52-b6eada062bff
1f1301c7-4e2a-4d03-944b-8b5fa0cdb0fa,"""2026-08-18T23:47:36.885Z""",2026-08-18T23:47:36.885000,success,00000,,,,logical decoding found consistent point at 38/61000380,{},[],postgres,0,null,[],null
bd72d53c-92ba-4f76-8c7a-d5aa9564c282,"""2026-08-18T23:47:36.885Z""",2026-08-18T23:47:36.885000,success,00000,,,,logical decoding found consistent point at 38/61000380,{},[],postgres,0,null,[],null
4ec8e6e8-42a6-4609-8062-d03c32d5e28f,"""2026-08-18T23:47:36.885Z""",2026-08-18T23:47:36.885000,success,00000,,,,"starting logical decoding for slot ""supabase_realtime_messages_replication_slot_2_128_0_893679d""",{},[],postgres,0,null,[],null
10dbc6be-5c84-458e-a7a7-da7597381cb1,"""2026-08-18T23:47:36.883Z""",2026-08-18T23:47:36.883000,success,200,,,,#PID<0.135420621.2> Starting stream replication for slot supabase_realtime_messages_replication_slot_2_128_0_893679d using publication supabase_realtime_messages_publication and protocol version 2,{},[],realtime,0,null,[],null
dc2ffa55-d816-4ebd-a299-187c478edd88,"""2026-08-18T23:47:36.861Z""",2026-08-18T23:47:36.861000,success,200,,,,Create replication slot supabase_realtime_messages_replication_slot_2_128_0_893679d using plugin pgoutput,{},[],realtime,0,null,[],null
ef97dd99-5f1f-4229-98b5-5280084c475c,"""2026-08-18T23:47:36.838Z""",2026-08-18T23:47:36.838551,success,200,,,,"Received a schema cache reload message on the ""pgrst"" channel",{},[],postgrest,0,null,[],null
3fc007f5-11b0-4ad2-b71d-4eab3e8dbf79,"""2026-08-18T23:47:36.830Z""",2026-08-18T23:47:36.830000,success,200,,,,"Publication supabase_realtime_messages_publication exists, validating contents",{},[],realtime,0,null,[],null
539fec9b-ccb7-4724-a569-20134e059bee,"""2026-08-18T23:47:36.830Z""",2026-08-18T23:47:36.830000,success,200,,,,Check publication supabase_realtime_messages_publication for table realtime.messages exists,{},[],realtime,0,null,[],null
5b7ad65e-5aaf-4dde-9ce0-4e615b4e6727,"""2026-08-18T23:47:36.826Z""",2026-08-18T23:47:36.826000,success,200,,,,Checking if replication slot supabase_realtime_messages_replication_slot_2_128_0_893679d exists,{},[],realtime,0,null,[],null
6f5ab359-b894-4131-94fc-6460bf02ee28,"""2026-08-18T23:47:36.769Z""",2026-08-18T23:47:36.769000,success,00000,,,,logical decoding found consistent point at 38/61000278,{},[],postgres,0,null,[],null
a2d2896d-a22a-461e-a59b-0a675b058576,"""2026-08-18T23:47:36.768Z""",2026-08-18T23:47:36.768000,success,200,,,,"Initializing connection with the status: %Realtime.Tenants.ReplicationConnection{
  tenant_id: ""ougxeheoaifcuetnmgrw"",
  opts: [],
  step: :disconnected,
  publication_name: ""supabase_realtime_messages_publication"",
  replication_slot_name: ""supabase_realtime_messages_replication_slot_2_128_0_893679d"",
  output_plugin: ""pgoutput"",
  proto_version: 2,
  relations: %{},
  buffer: [],
  monitored_pid: #PID<0.171440923.2>,
  latency_committed_at: nil,
  query_timeout: 240000
}",{},[],realtime,0,null,[],null
43c54ffb-d6ff-4f8e-a607-d7b2b7a875d1,"""2026-08-18T23:47:36.764Z""",2026-08-18T23:47:36.764000,success,00000,,,,logical decoding found initial consistent point at 38/61000210,{},[],postgres,0,null,[],null
0cd62351-1d17-4adc-9ea9-c9e7e6379c41,"""2026-08-18T23:47:36.751Z""",2026-08-18T23:47:36.751000,success,00000,,,,logical decoding found initial starting point at 38/61000148,{},[],postgres,0,null,[],null
efaae6be-6fec-4293-8f50-0598054663e5,"""2026-08-18T23:47:36.749Z""",2026-08-18T23:47:36.749000,success,200,GET,,/rest/v1/trattative_bonus,"GET | 200 | https://ougxeheoaifcuetnmgrw.supabase.co/rest/v1/trattative_bonus?select=*&trattativa_id=eq.61 | Mozilla/5.0 (Linux; Android 10; K) AppleWebKit/537.36 (KHTML, like Gecko) Chrome/151.0.0.0 Mobile Safari/537.36",{},[],edge,0,null,[],a7918e7b-c7c8-485e-bb52-b6eada062bff
407b7851-74c2-4f92-bdd7-86b20446ff8c,"""2026-08-18T23:47:36.746Z""",2026-08-18T23:47:36.746000,success,200,GET,,/rest/v1/listone,"GET | 200 | https://ougxeheoaifcuetnmgrw.supabase.co/rest/v1/listone?select=*&nome=ilike.Bremer | Mozilla/5.0 (Linux; Android 10; K) AppleWebKit/537.36 (KHTML, like Gecko) Chrome/151.0.0.0 Mobile Safari/537.36",{},[],edge,0,null,[],a7918e7b-c7c8-485e-bb52-b6eada062bff
56a52bde-6df3-4314-adac-a7598839ce40,"""2026-08-18T23:47:36.595Z""",2026-08-18T23:47:36.595000,success,200,,,,Realtime.Tenants.Connect.CheckConnection executed in 535 ms,{},[],realtime,0,null,[],null
7e8195ee-f436-499d-a186-a2b8dc4448f4,"""2026-08-18T23:47:36.595Z""",2026-08-18T23:47:36.595000,success,200,,,,Realtime.Tenants.Connect.RegisterProcess executed in 0 ms,{},[],realtime,0,null,[],null
c2cba652-9377-4ae0-9953-09e4ea454374,"""2026-08-18T23:47:36.595Z""",2026-08-18T23:47:36.595000,success,200,,,,Creating partitions for realtime.messages,{},[],realtime,0,null,[],null
5747df45-9feb-4c06-9148-6c7f07858585,"""2026-08-18T23:47:36.595Z""",2026-08-18T23:47:36.595000,success,200,,,,Realtime.Tenants.Connect.ReconcileMigrations executed in 0 ms,{},[],realtime,0,null,[],null
b30b063d-0c6a-4db2-8c67-3f41d428aeb9,"""2026-08-18T23:47:36.595Z""",2026-08-18T23:47:36.595000,success,200,,,,"Tenant ougxeheoaifcuetnmgrw is initializing: :""realtime@2a05:d018:173e:400:8b17:48f:3198:f65c""",{},[],realtime,0,null,[],null
d5b5c4c2-290f-4309-9999-72980edb15d3,"""2026-08-18T23:47:36.059Z""",2026-08-18T23:47:36.059000,success,200,,,,Realtime.Tenants.Connect.GetTenant executed in 2 ms,{},[],realtime,0,null,[],null
f26cdbb1-5168-44ac-832e-87ded955ea18,"""2026-08-18T23:47:35.825Z""",2026-08-18T23:47:35.825000,success,101,GET,,/realtime/v1/websocket,"GET | 101 | https://ougxeheoaifcuetnmgrw.supabase.co/realtime/v1/websocket?apikey=REDACTED&vsn=2.0.0 | Mozilla/5.0 (Linux; Android 10; K) AppleWebKit/537.36 (KHTML, like Gecko) Chrome/151.0.0.0 Mobile Safari/537.36",{},[],edge,0,null,[],null
5ecdbe3c-2780-4af7-a94c-75535f516828,"""2026-08-18T23:47:35.747Z""",2026-08-18T23:47:35.747000,success,200,GET,,/rest/v1/notizie,"GET | 200 | https://ougxeheoaifcuetnmgrw.supabase.co/rest/v1/notizie?select=*%2Ccommenti_notizie%28count%29&stagione=eq.2026-27&order=pinnata.desc%2Ccreated_at.desc&limit=25 | Mozilla/5.0 (Linux; Android 10; K) AppleWebKit/537.36 (KHTML, like Gecko) Chrome/151.0.0.0 Mobile Safari/537.36",{},[],edge,0,null,[],a7918e7b-c7c8-485e-bb52-b6eada062bff
38a747b2-b8d1-4fc6-8343-df7e4d0f9939,"""2026-08-18T23:47:35.740Z""",2026-08-18T23:47:35.740000,success,200,GET,,/rest/v1/listone,"GET | 200 | https://ougxeheoaifcuetnmgrw.supabase.co/rest/v1/listone?select=*&nome=ilike.Bremer | Mozilla/5.0 (Linux; Android 10; K) AppleWebKit/537.36 (KHTML, like Gecko) Chrome/151.0.0.0 Mobile Safari/537.36",{},[],edge,0,null,[],a7918e7b-c7c8-485e-bb52-b6eada062bff
06fbd8c3-410e-4e3b-a12e-790775191100,"""2026-08-18T23:47:35.737Z""",2026-08-18T23:47:35.737000,success,200,GET,,/rest/v1/trattative_bonus,"GET | 200 | https://ougxeheoaifcuetnmgrw.supabase.co/rest/v1/trattative_bonus?select=*&trattativa_id=eq.60 | Mozilla/5.0 (Linux; Android 10; K) AppleWebKit/537.36 (KHTML, like Gecko) Chrome/151.0.0.0 Mobile Safari/537.36",{},[],edge,0,null,[],a7918e7b-c7c8-485e-bb52-b6eada062bff
d8934324-50f4-4668-9309-e5f071858584,"""2026-08-18T23:47:35.716Z""",2026-08-18T23:47:35.716000,success,200,OPTIONS,,/rest/v1/notizie,"OPTIONS | 200 | https://ougxeheoaifcuetnmgrw.supabase.co/rest/v1/notizie?select=*%2Ccommenti_notizie%28count%29&stagione=eq.2026-27&order=pinnata.desc%2Ccreated_at.desc&limit=25 | Mozilla/5.0 (Linux; Android 10; K) AppleWebKit/537.36 (KHTML, like Gecko) Chrome/151.0.0.0 Mobile Safari/537.36",{},[],edge,0,null,[],null
d716dc05-1333-422d-b12a-9fc7ac04648e,"""2026-08-18T23:47:34.842Z""",2026-08-18T23:47:34.842000,success,200,GET,,/rest/v1/trattative_bonus,"GET | 200 | https://ougxeheoaifcuetnmgrw.supabase.co/rest/v1/trattative_bonus?select=*&trattativa_id=eq.60 | Mozilla/5.0 (Linux; Android 10; K) AppleWebKit/537.36 (KHTML, like Gecko) Chrome/151.0.0.0 Mobile Safari/537.36",{},[],edge,0,null,[],a7918e7b-c7c8-485e-bb52-b6eada062bff
57b3134b-e36b-4a9b-9865-8f70305b3fb6,"""2026-08-18T23:47:34.841Z""",2026-08-18T23:47:34.841000,success,200,GET,,/rest/v1/trattative_bonus,"GET | 200 | https://ougxeheoaifcuetnmgrw.supabase.co/rest/v1/trattative_bonus?select=*&trattativa_id=eq.59 | Mozilla/5.0 (Linux; Android 10; K) AppleWebKit/537.36 (KHTML, like Gecko) Chrome/151.0.0.0 Mobile Safari/537.36",{},[],edge,0,null,[],a7918e7b-c7c8-485e-bb52-b6eada062bff
6caebdf9-eafd-4ef9-9ee6-772748dd827c,"""2026-08-18T23:45:04.115Z""",2026-08-18T23:45:04.115000,success,200,POST,,,POST | 200 | https://ougxeheoaifcuetnmgrw.supabase.co/functions/v1/cron-check-aste,{},[],edge function,0,null,[],null
d4b9c08e-7919-48bb-9343-2d81cadcf263,"""2026-08-18T23:45:03.890Z""",2026-08-18T23:45:03.890000,success,200,GET,,/rest/v1/aste_svincolati,GET | 200 | https://ougxeheoaifcuetnmgrw.supabase.co/rest/v1/aste_svincolati?select=*&stato=eq.raccolta_offerte&scadenza=lte.2026-08-18T23%3A45%3A02.878Z&order=scadenza.asc | Deno/2.1.4 (variant; SupabaseEdgeRuntime/1.74.3),{},[],edge,0,null,[],null
59d5e736-b64a-46b1-8b62-65e44c3a5e1c,"""2026-08-18T23:45:03.571Z""",2026-08-18T23:45:03.571000,success,200,GET,,/rest/v1/aste_svincolati,GET | 200 | https://ougxeheoaifcuetnmgrw.supabase.co/rest/v1/aste_svincolati?select=id%2Cgiocatore%2Cquot%2Cscadenza%2Cpromemoria_1h_inviato&stato=eq.raccolta_offerte&scadenza=gt.2026-08-18T23%3A45%3A02.878Z&scadenza=lte.2026-08-19T00%3A45%3A02.878Z | Deno/2.1.4 (variant; SupabaseEdgeRuntime/1.74.3),{},[],edge,0,null,[],null
bccdb1a8-191e-4fbb-8d45-5b2d03f66a45,"""2026-08-18T23:45:02.905Z""",2026-08-18T23:45:02.905000,success,200,GET,,/rest/v1/chiamate,GET | 200 | https://ougxeheoaifcuetnmgrw.supabase.co/rest/v1/chiamate?select=giocatore%2Cquot%2Cper_vivaio%2Cscadenza_interesse%2Csquadra%2Ctipo&stato=eq.aperta&tipo=eq.prima&scadenza_interesse=lte.2026-08-18T23%3A45%3A02.878Z&order=scadenza_interesse.asc | Deno/2.1.4 (variant; SupabaseEdgeRuntime/1.74.3),{},[],edge,0,null,[],null
7d68bf62-2823-454f-9d6e-c730a8cdb08c,"""2026-08-18T23:45:00.343Z""",2026-08-18T23:45:00.343000,success,00000,,,,cron job 2 completed: 1 row,{},[],postgres,0,null,[],null
8e8c6776-0fb8-4212-a458-d04792381268,"""2026-08-18T23:45:00.106Z""",2026-08-18T23:45:00.106000,success,00000,,,,"cron job 2 starting: ",{},[],postgres,0,null,[],null
263637b6-6cdc-406e-bd05-d58345378cc9,"""2026-08-18T23:44:26.029Z""",2026-08-18T23:44:26.029000,success,00000,,,,"checkpoint complete: wrote 4 buffers (0.0%); 0 WAL file(s) added, 0 removed, 3 recycled; write=0.359 s, sync=0.004 s, total=0.390 s; sync files=4, longest=0.003 s, average=0.001 s; distance=32764 kB, estimate=44563 kB; lsn=38/60000080, redo lsn=38/60000028",{},[],postgres,0,null,[],null
fe235576-caa6-46e6-aa77-58fc32d9d6a4,"""2026-08-18T23:44:25.642Z""",2026-08-18T23:44:25.642000,success,00000,,,,checkpoint starting: time,{},[],postgres,0,null,[],null
af443c43-ba2c-4deb-a3ee-bd0a6b6e5676,"""2026-08-18T23:44:14.159Z""",2026-08-18T23:44:14.159000,success,08P01,,,,unexpected EOF on standby connection,{},[],postgres,0,null,[],null
d6ca4cb2-f04f-4df2-ba54-3b64777d3a63,"""2026-08-18T23:44:14.154Z""",2026-08-18T23:44:14.154000,success,200,,,,Tenant ougxeheoaifcuetnmgrw has been terminated: :shutdown,{},[],realtime,0,null,[],null
ff3f9ed2-0ad3-4a50-b572-8cbd13c89972,"""2026-08-18T23:44:14.154Z""",2026-08-18T23:44:14.154000,warning,200,,,,Disconnecting broadcast changes handler in the step : :streaming,{},[],realtime,0,null,[],null
1df1cee5-7977-4849-a13d-114f46475643,"""2026-08-18T23:44:14.154Z""",2026-08-18T23:44:14.154000,success,200,,,,"Tenant has no connected users, database connection will be terminated",{},[],realtime,0,null,[],null
495de45a-fd6d-4182-b2b7-de5389936ee0,"""2026-08-18T23:42:02.602Z""",2026-08-18T23:42:02.602000,success,200,POST,,,POST | 200 | https://ougxeheoaifcuetnmgrw.supabase.co/functions/v1/cron-check-aste,{},[],edge function,0,null,[],null
709db115-e6fd-492f-9eb8-b0c3858f3ad5,"""2026-08-18T23:42:02.440Z""",2026-08-18T23:42:02.440000,success,200,GET,,/rest/v1/aste_svincolati,GET | 200 | https://ougxeheoaifcuetnmgrw.supabase.co/rest/v1/aste_svincolati?select=*&stato=eq.raccolta_offerte&scadenza=lte.2026-08-18T23%3A42%3A01.691Z&order=scadenza.asc | Deno/2.1.4 (variant; SupabaseEdgeRuntime/1.74.3),{},[],edge,0,null,[],null
de63cbf5-ac70-48cc-94b4-1f2b3c87b06c,"""2026-08-18T23:42:02.178Z""",2026-08-18T23:42:02.178000,success,200,GET,,/rest/v1/aste_svincolati,GET | 200 | https://ougxeheoaifcuetnmgrw.supabase.co/rest/v1/aste_svincolati?select=id%2Cgiocatore%2Cquot%2Cscadenza%2Cpromemoria_1h_inviato&stato=eq.raccolta_offerte&scadenza=gt.2026-08-18T23%3A42%3A01.691Z&scadenza=lte.2026-08-19T00%3A42%3A01.691Z | Deno/2.1.4 (variant; SupabaseEdgeRuntime/1.74.3),{},[],edge,0,null,[],null
ce07b1b8-58b4-4894-a6b8-cbad5c5706b3,"""2026-08-18T23:42:01.711Z""",2026-08-18T23:42:01.711000,success,200,GET,,/rest/v1/chiamate,GET | 200 | https://ougxeheoaifcuetnmgrw.supabase.co/rest/v1/chiamate?select=giocatore%2Cquot%2Cper_vivaio%2Cscadenza_interesse%2Csquadra%2Ctipo&stato=eq.aperta&tipo=eq.prima&scadenza_interesse=lte.2026-08-18T23%3A42%3A01.691Z&order=scadenza_interesse.asc | Deno/2.1.4 (variant; SupabaseEdgeRuntime/1.74.3),{},[],edge,0,null,[],null
5df218e0-f485-4c68-ab29-12cdb69af1dd,"""2026-08-18T23:42:01.203Z""",2026-08-18T23:42:01.203000,success,00000,,,,cron job 2 completed: 1 row,{},[],postgres,0,null,[],null
7aec5616-0dfc-4809-982c-a530a5e2408d,"""2026-08-18T23:42:01.053Z""",2026-08-18T23:42:01.053000,success,00000,,,,"cron job 2 starting: ",{},[],postgres,0,null,[],null